sid,school,sex,advice,feduc,meduc,focc,denom,galo
1,1,boy,2,lowest,lowest,NA,non-denominational,85
2,1,boy,lowest,lowest,lowest,2,non-denominational,78
3,1,girl,4,4,3,4,non-denominational,104
4,1,boy,2,lowest,lowest,2,non-denominational,93
5,1,girl,4,2,lowest,5,non-denominational,114
6,1,girl,2,lowest,lowest,NA,non-denominational,79
7,1,girl,2,2,2,5,non-denominational,95
8,1,girl,2,lowest,lowest,2,non-denominational,98
9,1,boy,2,lowest,lowest,NA,non-denominational,77
10,1,girl,4,lowest,3,lowest,non-denominational,114
11,1,boy,2,lowest,lowest,NA,non-denominational,79
12,1,boy,2,lowest,lowest,2,non-denominational,84
13,1,boy,2,lowest,lowest,2,non-denominational,101
14,1,girl,2,lowest,lowest,NA,non-denominational,98
15,1,boy,2,3,4,2,non-denominational,99
16,1,boy,2,5,5,4,non-denominational,102
17,1,girl,2,NA,3,NA,non-denominational,86
18,1,boy,2,lowest,lowest,4,non-denominational,86
19,1,girl,2,lowest,lowest,NA,non-denominational,85
20,1,girl,2,lowest,lowest,NA,non-denominational,108
21,2,girl,2,4,3,2,catholic,110
22,2,boy,4,5,3,highest,catholic,111
23,2,girl,2,4,5,3,catholic,100
24,2,girl,no subsequent school,4,2,2,catholic,79
25,2,boy,4,2,lowest,3,catholic,111
26,2,girl,2,7,5,5,catholic,92
27,2,girl,2,5,lowest,3,catholic,97
28,2,girl,5,7,2,3,catholic,120
29,2,girl,highest,2,6,3,catholic,134
30,2,girl,4,4,6,3,catholic,114
31,2,girl,4,7,6,highest,catholic,109
32,2,girl,4,7,2,3,catholic,109
33,3,girl,5,5,5,4,non-denominational,119
34,3,boy,4,2,5,4,non-denominational,106
35,3,girl,2,lowest,lowest,2,non-denominational,125
36,3,girl,4,2,lowest,2,non-denominational,111
37,3,girl,2,8,2,4,non-denominational,90
38,3,boy,4,3,lowest,3,non-denominational,103
39,3,girl,highest,5,5,highest,non-denominational,123
40,3,girl,5,lowest,lowest,2,non-denominational,114
41,3,girl,2,NA,lowest,NA,non-denominational,101
42,3,boy,4,6,lowest,4,non-denominational,102
43,3,boy,4,2,lowest,2,non-denominational,108
44,3,girl,4,6,5,5,non-denominational,111
45,3,boy,5,7,5,5,non-denominational,113
46,3,boy,2,2,lowest,2,non-denominational,91
47,3,boy,2,7,lowest,3,non-denominational,108
48,3,boy,2,6,7,5,non-denominational,92
49,3,boy,2,lowest,lowest,4,non-denominational,96
50,3,girl,4,5,5,4,non-denominational,106
51,3,girl,5,7,lowest,2,non-denominational,117
52,3,girl,5,2,5,4,non-denominational,113
53,3,boy,5,6,3,3,non-denominational,123
54,3,boy,4,7,lowest,4,non-denominational,109
55,3,girl,2,3,lowest,2,non-denominational,91
56,3,boy,5,3,lowest,3,non-denominational,119
57,3,boy,2,lowest,lowest,2,non-denominational,108
58,3,girl,5,5,lowest,4,non-denominational,116
59,3,boy,4,5,2,2,non-denominational,109
60,3,girl,5,7,5,highest,non-denominational,113
61,3,girl,5,7,5,4,non-denominational,118
62,3,girl,4,3,2,lowest,non-denominational,110
63,3,boy,5,2,lowest,4,non-denominational,111
64,3,boy,5,2,lowest,4,non-denominational,114
65,3,girl,highest,8,lowest,3,non-denominational,127
66,3,girl,highest,2,lowest,highest,non-denominational,122
67,4,boy,2,lowest,lowest,2,non-denominational,88
68,4,girl,2,lowest,lowest,NA,non-denominational,105
69,4,boy,2,lowest,lowest,3,non-denominational,104
70,4,girl,2,lowest,lowest,3,non-denominational,99
71,4,boy,2,lowest,2,3,non-denominational,93
72,4,boy,2,lowest,lowest,3,non-denominational,92
73,4,boy,2,lowest,lowest,2,non-denominational,96
74,4,boy,2,lowest,lowest,5,non-denominational,106
75,4,boy,5,lowest,lowest,3,non-denominational,119
76,4,boy,4,lowest,lowest,2,non-denominational,108
77,4,girl,2,2,lowest,2,non-denominational,106
78,4,girl,5,2,2,3,non-denominational,114
79,4,girl,2,lowest,lowest,2,non-denominational,108
80,4,boy,highest,lowest,2,2,non-denominational,110
81,4,boy,2,3,lowest,5,non-denominational,105
82,4,girl,2,2,lowest,lowest,non-denominational,95
83,4,boy,2,lowest,3,lowest,non-denominational,104
84,4,girl,lowest,lowest,lowest,3,non-denominational,103
85,4,boy,5,2,2,2,non-denominational,129
86,4,girl,4,lowest,lowest,lowest,non-denominational,114
87,4,boy,lowest,lowest,lowest,3,non-denominational,87
88,4,girl,2,lowest,lowest,3,non-denominational,101
89,4,boy,2,lowest,lowest,2,non-denominational,100
90,4,boy,2,lowest,lowest,2,non-denominational,94
91,4,boy,2,lowest,lowest,lowest,non-denominational,95
92,4,boy,2,lowest,lowest,lowest,non-denominational,87
93,4,boy,NA,lowest,lowest,lowest,non-denominational,111
94,4,boy,2,lowest,lowest,2,non-denominational,95
95,5,girl,2,lowest,lowest,NA,non-denominational,84
96,5,boy,4,3,3,3,non-denominational,117
97,5,boy,2,6,4,5,non-denominational,83
98,5,boy,2,6,4,5,non-denominational,87
99,5,boy,highest,2,2,3,non-denominational,129
100,5,girl,2,lowest,lowest,2,non-denominational,77
101,5,boy,lowest,lowest,lowest,2,non-denominational,78
102,5,girl,4,2,3,2,non-denominational,103
103,5,girl,2,2,2,4,non-denominational,100
104,5,boy,4,3,lowest,2,non-denominational,104
105,5,boy,lowest,lowest,lowest,3,non-denominational,91
106,5,boy,highest,4,lowest,lowest,non-denominational,122
107,5,girl,2,4,lowest,2,non-denominational,88
108,5,boy,lowest,lowest,lowest,4,non-denominational,86
109,5,boy,highest,2,4,NA,non-denominational,123
110,5,boy,2,lowest,lowest,lowest,non-denominational,81
111,5,girl,2,lowest,lowest,2,non-denominational,89
112,5,boy,2,5,lowest,2,non-denominational,96
113,5,girl,2,2,lowest,2,non-denominational,82
114,5,girl,4,lowest,lowest,lowest,non-denominational,109
115,5,girl,2,lowest,lowest,2,non-denominational,81
116,5,girl,2,lowest,lowest,3,non-denominational,101
117,5,boy,2,7,5,4,non-denominational,96
118,5,boy,4,lowest,lowest,2,non-denominational,105
119,5,boy,5,8,7,highest,non-denominational,119
120,6,boy,2,2,lowest,2,non-denominational,77
121,6,girl,4,4,5,3,non-denominational,112
122,6,girl,2,lowest,lowest,5,non-denominational,90
123,6,girl,2,5,3,highest,non-denominational,96
124,6,boy,2,2,5,2,non-denominational,95
125,6,girl,2,7,5,3,non-denominational,103
126,6,boy,2,2,2,2,non-denominational,91
127,6,boy,4,6,7,3,non-denominational,108
128,6,boy,highest,5,5,2,non-denominational,110
129,6,boy,2,lowest,lowest,2,non-denominational,77
130,6,girl,4,7,3,3,non-denominational,105
131,6,girl,highest,4,lowest,3,non-denominational,115
132,6,boy,2,4,2,2,non-denominational,96
133,6,boy,2,lowest,lowest,NA,non-denominational,96
134,6,girl,2,4,lowest,NA,non-denominational,79
135,6,girl,2,lowest,lowest,2,non-denominational,78
136,6,girl,highest,4,6,3,non-denominational,125
137,6,girl,2,3,3,2,non-denominational,103
138,6,girl,4,5,5,3,non-denominational,113
139,6,girl,2,lowest,lowest,lowest,non-denominational,99
140,6,boy,2,lowest,2,lowest,non-denominational,75
141,6,boy,4,3,3,lowest,non-denominational,105
142,6,girl,4,5,6,4,non-denominational,105
143,6,girl,2,6,lowest,3,non-denominational,103
144,6,boy,2,6,2,2,non-denominational,105
145,6,boy,2,5,3,3,non-denominational,100
146,6,boy,4,4,5,highest,non-denominational,110
147,6,boy,4,5,3,3,non-denominational,113
148,7,boy,2,NA,lowest,NA,non-denominational,90
149,7,girl,2,lowest,lowest,2,non-denominational,85
150,7,girl,2,lowest,lowest,lowest,non-denominational,84
151,7,boy,2,lowest,lowest,4,non-denominational,79
152,7,girl,2,lowest,lowest,lowest,non-denominational,93
153,7,boy,2,lowest,lowest,lowest,non-denominational,104
154,7,boy,2,lowest,lowest,lowest,non-denominational,77
155,7,boy,2,lowest,lowest,lowest,non-denominational,82
156,7,boy,2,lowest,lowest,2,non-denominational,79
157,7,boy,2,lowest,lowest,2,non-denominational,102
158,7,boy,2,lowest,lowest,2,non-denominational,98
159,7,girl,NA,NA,NA,NA,non-denominational,96
160,7,boy,4,lowest,lowest,lowest,non-denominational,108
161,7,girl,2,lowest,lowest,3,non-denominational,80
162,7,girl,2,lowest,lowest,2,non-denominational,104
163,7,girl,2,lowest,lowest,NA,non-denominational,102
164,7,girl,2,lowest,lowest,2,non-denominational,102
165,7,girl,2,lowest,lowest,NA,non-denominational,80
166,7,boy,2,lowest,lowest,4,non-denominational,86
167,7,girl,2,lowest,lowest,lowest,non-denominational,76
168,7,boy,2,lowest,lowest,2,non-denominational,83
169,7,girl,2,NA,lowest,NA,non-denominational,86
170,7,girl,4,lowest,lowest,2,non-denominational,114
171,7,girl,2,3,lowest,2,non-denominational,98
172,8,boy,4,6,5,4,non-denominational,108
173,8,boy,2,6,2,5,non-denominational,77
174,8,boy,2,2,lowest,lowest,non-denominational,97
175,8,girl,4,4,lowest,2,non-denominational,109
176,8,boy,2,NA,NA,2,non-denominational,83
177,8,boy,2,6,5,3,non-denominational,99
178,8,girl,2,2,lowest,3,non-denominational,93
179,8,boy,2,5,5,3,non-denominational,94
180,8,girl,4,4,5,3,non-denominational,111
181,8,girl,4,3,lowest,3,non-denominational,108
182,8,boy,4,lowest,lowest,3,non-denominational,113
183,8,boy,2,lowest,lowest,3,non-denominational,87
184,8,boy,2,lowest,3,2,non-denominational,83
185,8,boy,4,2,lowest,2,non-denominational,112
186,8,boy,5,5,5,5,non-denominational,103
187,8,girl,5,6,lowest,5,non-denominational,118
188,8,boy,4,6,5,3,non-denominational,106
189,8,boy,2,2,3,NA,non-denominational,102
190,8,boy,2,2,lowest,2,non-denominational,94
191,8,boy,4,3,2,highest,non-denominational,87
192,8,boy,4,3,lowest,NA,non-denominational,111
193,8,boy,2,lowest,lowest,NA,non-denominational,98
194,8,girl,4,8,5,NA,non-denominational,109
195,8,girl,2,5,lowest,3,non-denominational,89
196,8,girl,2,7,3,3,non-denominational,101
197,8,girl,5,highest,7,highest,non-denominational,117
198,8,boy,2,lowest,lowest,3,non-denominational,95
199,8,boy,2,2,2,5,non-denominational,101
200,8,girl,2,lowest,lowest,2,non-denominational,86
201,8,girl,4,4,7,3,non-denominational,114
202,8,girl,2,4,5,2,non-denominational,96
203,8,boy,5,lowest,lowest,NA,non-denominational,115
204,8,girl,2,2,lowest,3,non-denominational,95
205,8,girl,2,5,lowest,3,non-denominational,76
206,8,boy,2,lowest,lowest,2,non-denominational,97
207,8,boy,2,6,lowest,3,non-denominational,87
208,9,girl,2,3,3,4,non-denominational,100
209,9,girl,2,lowest,lowest,lowest,non-denominational,97
210,9,boy,4,2,3,lowest,non-denominational,110
211,9,girl,2,NA,NA,NA,non-denominational,87
212,9,girl,5,lowest,lowest,3,non-denominational,122
213,9,boy,4,lowest,lowest,lowest,non-denominational,110
214,9,girl,4,lowest,lowest,2,non-denominational,112
215,9,boy,4,lowest,2,3,non-denominational,113
216,9,boy,2,NA,lowest,NA,non-denominational,89
217,9,boy,2,lowest,lowest,lowest,non-denominational,94
218,9,girl,4,3,2,3,non-denominational,102
219,9,boy,5,lowest,lowest,NA,non-denominational,116
220,9,boy,2,NA,NA,3,non-denominational,88
221,9,girl,2,lowest,lowest,4,non-denominational,103
222,9,boy,2,4,3,3,non-denominational,86
223,9,boy,4,lowest,lowest,2,non-denominational,112
224,9,boy,2,5,3,3,non-denominational,106
225,9,boy,2,lowest,lowest,lowest,non-denominational,101
226,9,boy,2,3,lowest,2,non-denominational,104
227,9,boy,2,4,2,3,non-denominational,95
228,9,boy,2,lowest,lowest,2,non-denominational,96
229,9,boy,2,2,lowest,3,non-denominational,94
230,9,girl,2,2,6,2,non-denominational,92
231,9,boy,2,2,3,2,non-denominational,83
232,9,girl,5,lowest,lowest,lowest,non-denominational,121
233,10,boy,4,7,lowest,5,catholic,104
234,10,girl,2,7,5,3,catholic,86
235,10,boy,4,7,7,NA,catholic,105
236,10,boy,2,2,5,5,catholic,107
237,10,girl,4,4,5,3,catholic,104
238,10,girl,2,5,lowest,3,catholic,95
239,10,girl,2,4,lowest,5,catholic,101
240,10,boy,4,3,lowest,2,catholic,112
241,10,girl,2,lowest,lowest,3,catholic,94
242,10,boy,2,8,5,5,catholic,96
243,10,girl,2,2,2,3,catholic,97
244,10,boy,4,2,lowest,4,catholic,111
245,10,boy,4,2,3,2,catholic,110
246,10,boy,2,lowest,lowest,3,catholic,93
247,10,girl,2,2,lowest,2,catholic,77
248,10,girl,2,lowest,5,2,catholic,101
249,10,boy,2,3,3,2,catholic,100
250,10,girl,2,lowest,lowest,2,catholic,100
251,10,boy,2,5,3,3,catholic,100
252,10,boy,4,8,lowest,highest,catholic,109
253,10,girl,4,3,lowest,NA,catholic,103
254,10,girl,2,lowest,lowest,2,catholic,79
255,10,boy,4,2,lowest,3,catholic,109
256,10,girl,4,7,5,3,catholic,106
257,10,girl,4,NA,NA,2,catholic,112
258,10,boy,4,2,3,2,catholic,114
259,10,boy,highest,6,5,5,catholic,125
260,11,girl,2,lowest,lowest,4,non-denominational,78
261,11,girl,4,lowest,lowest,2,non-denominational,109
262,11,girl,2,lowest,lowest,NA,non-denominational,79
263,11,boy,2,NA,NA,4,non-denominational,88
264,11,boy,2,lowest,lowest,2,non-denominational,91
265,11,girl,2,lowest,lowest,lowest,non-denominational,69
266,11,boy,2,lowest,lowest,lowest,non-denominational,68
267,11,girl,2,2,lowest,lowest,non-denominational,81
268,11,boy,2,lowest,lowest,2,non-denominational,92
269,11,girl,2,NA,lowest,NA,non-denominational,71
270,11,boy,4,NA,NA,2,non-denominational,104
271,11,boy,2,2,lowest,lowest,non-denominational,99
272,11,girl,2,lowest,lowest,2,non-denominational,78
273,11,boy,2,NA,3,NA,non-denominational,79
274,11,boy,2,lowest,lowest,2,non-denominational,89
275,11,girl,2,2,lowest,NA,non-denominational,95
276,11,girl,2,lowest,lowest,lowest,non-denominational,87
277,11,girl,4,lowest,lowest,NA,non-denominational,105
278,11,girl,4,lowest,lowest,2,non-denominational,102
279,12,girl,2,2,5,5,non-denominational,103
280,12,girl,2,lowest,lowest,2,non-denominational,85
281,12,boy,4,7,7,3,non-denominational,106
282,12,boy,2,2,lowest,2,non-denominational,98
283,12,boy,4,8,5,3,non-denominational,108
284,12,girl,4,5,lowest,3,non-denominational,105
285,12,girl,2,2,lowest,4,non-denominational,97
286,12,girl,4,3,lowest,4,non-denominational,111
287,12,boy,lowest,lowest,lowest,5,non-denominational,68
288,12,girl,2,7,7,NA,non-denominational,96
289,12,girl,2,lowest,lowest,2,non-denominational,90
290,12,girl,2,3,2,3,non-denominational,104
291,12,boy,2,2,lowest,2,non-denominational,87
292,12,boy,4,lowest,lowest,lowest,non-denominational,113
293,12,girl,4,lowest,lowest,2,non-denominational,104
294,12,girl,2,3,3,3,non-denominational,101
295,12,boy,2,6,lowest,5,non-denominational,102
296,12,boy,2,lowest,3,4,non-denominational,94
297,12,girl,2,lowest,lowest,5,non-denominational,96
298,12,boy,4,7,6,5,non-denominational,101
299,12,boy,2,lowest,lowest,NA,non-denominational,101
300,12,boy,2,lowest,lowest,4,non-denominational,88
301,12,girl,2,lowest,lowest,NA,non-denominational,75
302,12,girl,4,2,lowest,2,non-denominational,105
303,12,boy,2,6,6,4,non-denominational,79
304,12,boy,5,4,lowest,2,non-denominational,111
305,12,girl,2,lowest,lowest,3,non-denominational,87
306,13,boy,lowest,lowest,lowest,3,non-denominational,91
307,13,girl,lowest,lowest,lowest,lowest,non-denominational,88
308,13,boy,4,3,lowest,lowest,non-denominational,118
309,13,girl,lowest,lowest,3,lowest,non-denominational,83
310,13,girl,2,NA,NA,NA,non-denominational,104
311,13,boy,lowest,lowest,lowest,NA,non-denominational,85
312,13,girl,2,lowest,lowest,2,non-denominational,93
313,13,boy,2,lowest,lowest,NA,non-denominational,75
314,13,girl,2,lowest,lowest,NA,non-denominational,92
315,13,girl,lowest,lowest,lowest,2,non-denominational,83
316,13,boy,2,lowest,lowest,2,non-denominational,96
317,13,girl,lowest,lowest,lowest,2,non-denominational,92
318,13,boy,2,5,3,NA,non-denominational,96
319,13,girl,2,lowest,3,2,non-denominational,98
320,13,girl,lowest,lowest,lowest,lowest,non-denominational,88
321,13,boy,lowest,lowest,lowest,NA,non-denominational,81
322,13,boy,2,lowest,lowest,lowest,non-denominational,90
323,13,boy,2,2,lowest,NA,non-denominational,77
324,13,boy,lowest,lowest,lowest,2,non-denominational,84
325,13,boy,2,lowest,lowest,2,non-denominational,104
326,13,girl,2,lowest,lowest,2,non-denominational,106
327,14,girl,4,lowest,lowest,3,non-denominational,105
328,14,boy,2,2,lowest,2,non-denominational,100
329,14,boy,2,lowest,lowest,4,non-denominational,95
330,14,boy,lowest,7,3,3,non-denominational,92
331,14,girl,2,7,3,3,non-denominational,97
332,14,boy,2,5,5,3,non-denominational,94
333,14,boy,2,2,lowest,2,non-denominational,98
334,14,boy,2,3,2,2,non-denominational,102
335,14,girl,2,3,lowest,2,non-denominational,105
336,14,girl,4,3,lowest,3,non-denominational,103
337,14,boy,2,lowest,lowest,lowest,non-denominational,84
338,14,boy,2,2,lowest,3,non-denominational,102
339,14,girl,5,4,lowest,2,non-denominational,114
340,14,boy,4,6,2,2,non-denominational,109
341,14,boy,2,lowest,lowest,2,non-denominational,82
342,14,boy,5,4,3,5,non-denominational,117
343,14,boy,2,lowest,lowest,2,non-denominational,101
344,14,girl,2,lowest,lowest,2,non-denominational,72
345,14,boy,lowest,lowest,lowest,lowest,non-denominational,86
346,14,girl,2,7,5,highest,non-denominational,98
347,14,boy,2,3,3,5,non-denominational,99
348,14,boy,2,NA,NA,2,non-denominational,100
349,14,girl,lowest,7,4,5,non-denominational,86
350,14,girl,2,4,5,2,non-denominational,93
351,15,girl,2,lowest,lowest,2,non-denominational,96
352,15,boy,4,7,7,3,non-denominational,108
353,15,boy,2,3,3,5,non-denominational,102
354,15,girl,4,6,5,5,non-denominational,107
355,15,girl,5,5,3,NA,non-denominational,118
356,15,girl,4,3,5,2,non-denominational,105
357,15,boy,4,4,lowest,5,non-denominational,114
358,15,boy,5,7,5,5,non-denominational,121
359,15,boy,4,6,6,3,non-denominational,108
360,15,boy,2,5,7,lowest,non-denominational,87
361,15,boy,2,5,7,lowest,non-denominational,93
362,15,girl,2,lowest,lowest,lowest,non-denominational,101
363,15,boy,4,lowest,lowest,3,non-denominational,108
364,15,boy,2,5,3,5,non-denominational,89
365,15,girl,4,lowest,lowest,2,non-denominational,106
366,15,girl,4,6,lowest,3,non-denominational,110
367,15,girl,2,5,3,3,non-denominational,96
368,15,boy,highest,8,5,4,non-denominational,136
369,15,boy,2,2,lowest,2,non-denominational,107
370,15,girl,2,3,lowest,lowest,non-denominational,95
371,15,boy,5,4,3,5,non-denominational,120
372,15,girl,highest,8,5,5,non-denominational,133
373,15,boy,4,7,3,highest,non-denominational,110
374,15,boy,5,6,5,3,non-denominational,116
375,15,boy,lowest,lowest,lowest,3,non-denominational,78
376,15,boy,2,NA,NA,3,non-denominational,101
377,15,boy,2,7,5,3,non-denominational,105
378,15,boy,2,lowest,lowest,NA,non-denominational,94
379,15,girl,4,6,lowest,5,non-denominational,109
380,15,girl,2,7,lowest,NA,non-denominational,91
381,16,girl,2,4,lowest,5,non-denominational,79
382,16,boy,2,5,lowest,5,non-denominational,100
383,16,boy,2,2,lowest,4,non-denominational,87
384,16,boy,5,3,lowest,3,non-denominational,120
385,16,boy,5,2,3,2,non-denominational,115
386,16,boy,5,highest,7,highest,non-denominational,116
387,16,girl,5,8,7,highest,non-denominational,109
388,16,boy,5,5,3,4,non-denominational,100
389,16,boy,4,2,5,3,non-denominational,112
390,16,girl,2,4,2,4,non-denominational,104
391,16,boy,2,4,2,4,non-denominational,100
392,16,girl,4,8,lowest,3,non-denominational,112
393,16,girl,4,7,3,5,non-denominational,118
394,16,boy,2,5,lowest,2,non-denominational,97
395,16,boy,4,6,5,highest,non-denominational,110
396,16,boy,4,7,8,3,non-denominational,112
397,16,boy,4,7,4,5,non-denominational,107
398,16,girl,4,5,5,5,non-denominational,112
399,16,boy,4,lowest,lowest,2,non-denominational,114
400,16,boy,4,lowest,lowest,lowest,non-denominational,113
401,16,boy,4,2,lowest,3,non-denominational,102
402,17,boy,2,4,3,4,non-denominational,92
403,17,boy,4,8,4,5,non-denominational,111
404,17,girl,2,lowest,3,NA,non-denominational,99
405,17,boy,4,6,5,3,non-denominational,109
406,17,girl,2,7,7,5,non-denominational,101
407,17,girl,highest,5,3,3,non-denominational,126
408,17,boy,4,3,lowest,2,non-denominational,108
409,17,girl,4,4,3,4,non-denominational,114
410,17,boy,2,6,lowest,3,non-denominational,100
411,17,girl,2,lowest,5,3,non-denominational,109
412,17,boy,2,lowest,lowest,3,non-denominational,106
413,17,girl,2,5,5,3,non-denominational,93
414,17,girl,2,6,3,5,non-denominational,106
415,17,boy,4,highest,4,highest,non-denominational,112
416,17,girl,5,lowest,lowest,2,non-denominational,120
417,17,girl,2,highest,7,highest,non-denominational,103
418,17,boy,highest,highest,highest,highest,non-denominational,131
419,17,girl,2,NA,NA,highest,non-denominational,92
420,17,girl,4,5,7,3,non-denominational,109
421,17,boy,highest,4,lowest,5,non-denominational,126
422,17,girl,2,lowest,lowest,4,non-denominational,94
423,17,boy,2,lowest,lowest,2,non-denominational,110
424,17,girl,2,6,lowest,5,non-denominational,95
425,17,girl,4,lowest,lowest,2,non-denominational,109
426,17,girl,4,5,lowest,3,non-denominational,108
427,17,boy,5,4,5,3,non-denominational,120
428,17,boy,4,5,3,highest,non-denominational,113
429,17,girl,5,lowest,lowest,3,non-denominational,116
430,17,girl,2,3,3,2,non-denominational,95
431,17,boy,4,lowest,5,5,non-denominational,109
432,17,boy,2,6,3,4,non-denominational,93
433,17,girl,4,3,3,5,non-denominational,116
434,17,girl,2,5,lowest,5,non-denominational,88
435,17,boy,4,highest,7,highest,non-denominational,100
436,18,girl,2,4,lowest,3,non-denominational,96
437,18,girl,2,lowest,5,3,non-denominational,98
438,18,girl,lowest,lowest,lowest,2,non-denominational,76
439,18,girl,4,lowest,3,3,non-denominational,108
440,18,boy,4,6,5,3,non-denominational,107
441,18,boy,5,lowest,2,lowest,non-denominational,119
442,18,boy,5,7,5,highest,non-denominational,118
443,18,girl,2,NA,4,NA,non-denominational,95
444,18,boy,2,4,lowest,3,non-denominational,96
445,18,boy,2,lowest,lowest,2,non-denominational,96
446,18,boy,2,NA,NA,2,non-denominational,92
447,18,boy,4,7,5,3,non-denominational,106
448,18,boy,5,3,lowest,3,non-denominational,118
449,18,girl,2,6,6,4,non-denominational,95
450,18,boy,2,8,6,highest,non-denominational,100
451,18,boy,2,4,lowest,2,non-denominational,95
452,18,girl,lowest,lowest,lowest,2,non-denominational,80
453,18,girl,5,7,lowest,3,non-denominational,113
454,18,boy,4,5,5,3,non-denominational,102
455,18,boy,4,7,4,5,non-denominational,110
456,18,girl,2,8,lowest,4,non-denominational,95
457,18,boy,2,lowest,lowest,2,non-denominational,104
458,18,girl,2,5,3,5,non-denominational,107
459,18,boy,4,5,3,3,non-denominational,106
460,19,girl,2,3,lowest,2,non-denominational,96
461,19,boy,2,5,5,5,non-denominational,100
462,19,boy,2,NA,NA,3,non-denominational,91
463,19,girl,2,5,lowest,3,non-denominational,87
464,19,boy,5,lowest,lowest,NA,non-denominational,118
465,19,boy,4,lowest,3,lowest,non-denominational,108
466,19,boy,5,NA,NA,2,non-denominational,120
467,19,girl,2,3,lowest,2,non-denominational,102
468,19,boy,2,lowest,lowest,5,non-denominational,93
469,19,boy,2,6,lowest,NA,non-denominational,98
470,19,boy,2,lowest,lowest,2,non-denominational,103
471,19,girl,2,NA,NA,2,non-denominational,91
472,19,girl,2,4,lowest,2,non-denominational,94
473,19,boy,2,lowest,lowest,2,non-denominational,100
474,19,boy,5,lowest,3,2,non-denominational,119
475,19,girl,2,2,5,2,non-denominational,98
476,19,boy,5,lowest,lowest,2,non-denominational,118
477,19,boy,2,lowest,lowest,lowest,non-denominational,90
478,19,boy,2,NA,NA,2,non-denominational,95
479,19,girl,2,lowest,lowest,lowest,non-denominational,87
480,20,boy,2,2,2,lowest,non-denominational,101
481,20,girl,5,lowest,2,lowest,non-denominational,115
482,20,girl,4,5,3,3,non-denominational,108
483,20,boy,4,4,3,2,non-denominational,103
484,20,girl,4,NA,NA,2,non-denominational,115
485,20,girl,4,5,5,3,non-denominational,108
486,20,girl,2,3,3,2,non-denominational,105
487,20,boy,5,lowest,lowest,NA,non-denominational,122
488,20,boy,2,3,lowest,2,non-denominational,92
489,20,girl,5,3,5,5,non-denominational,112
490,20,boy,2,2,3,4,non-denominational,98
491,20,boy,4,3,lowest,5,non-denominational,98
492,20,boy,4,lowest,lowest,2,non-denominational,104
493,20,boy,4,lowest,lowest,2,non-denominational,103
494,20,girl,lowest,lowest,lowest,2,non-denominational,87
495,20,girl,2,4,lowest,3,non-denominational,101
496,20,boy,4,2,5,2,non-denominational,103
497,20,boy,2,2,5,2,non-denominational,102
498,20,boy,lowest,lowest,lowest,3,non-denominational,77
499,20,boy,2,lowest,lowest,NA,non-denominational,93
500,20,girl,2,lowest,lowest,2,non-denominational,90
501,20,girl,2,lowest,lowest,3,non-denominational,88
502,20,boy,4,lowest,lowest,lowest,non-denominational,108
503,20,boy,2,2,2,4,non-denominational,106
504,21,girl,2,lowest,lowest,2,non-denominational,71
505,21,girl,4,NA,NA,5,non-denominational,109
506,21,girl,2,7,2,3,non-denominational,103
507,21,boy,2,5,lowest,2,non-denominational,101
508,21,boy,4,lowest,3,2,non-denominational,110
509,21,girl,2,4,lowest,2,non-denominational,96
510,21,girl,2,lowest,lowest,NA,non-denominational,96
511,21,girl,4,5,5,3,non-denominational,104
512,21,boy,2,5,2,5,non-denominational,107
513,21,boy,2,4,2,2,non-denominational,108
514,21,girl,2,lowest,lowest,5,non-denominational,106
515,21,boy,2,3,2,2,non-denominational,91
516,21,girl,2,lowest,2,2,non-denominational,85
517,21,girl,4,5,5,3,non-denominational,81
518,21,boy,4,2,lowest,3,non-denominational,111
519,21,boy,2,lowest,lowest,NA,non-denominational,91
520,21,boy,4,5,5,highest,non-denominational,112
521,21,boy,4,7,7,highest,non-denominational,113
522,21,girl,2,lowest,lowest,5,non-denominational,101
523,21,girl,2,lowest,lowest,2,non-denominational,92
524,21,boy,2,3,lowest,2,non-denominational,95
525,21,boy,2,lowest,lowest,lowest,non-denominational,86
526,21,boy,2,3,6,3,non-denominational,83
527,21,girl,2,5,lowest,5,non-denominational,97
528,21,girl,4,4,lowest,2,non-denominational,108
529,21,girl,2,4,lowest,5,non-denominational,100
530,21,girl,4,4,lowest,5,non-denominational,110
531,22,boy,2,3,lowest,5,non-denominational,110
532,22,girl,2,3,5,2,non-denominational,93
533,22,girl,2,3,5,2,non-denominational,70
534,22,girl,4,lowest,lowest,3,non-denominational,106
535,22,boy,2,4,lowest,2,non-denominational,99
536,22,girl,2,NA,3,NA,non-denominational,87
537,22,girl,2,lowest,5,3,non-denominational,101
538,22,girl,2,7,3,highest,non-denominational,96
539,22,boy,4,5,5,3,non-denominational,102
540,22,boy,2,3,lowest,3,non-denominational,94
541,22,girl,2,4,lowest,2,non-denominational,87
542,22,boy,4,lowest,lowest,lowest,non-denominational,110
543,22,boy,2,lowest,lowest,NA,non-denominational,89
544,22,girl,2,3,6,highest,non-denominational,78
545,22,girl,highest,7,lowest,2,non-denominational,129
546,22,boy,4,3,lowest,2,non-denominational,114
547,22,boy,4,5,4,3,non-denominational,107
548,22,girl,4,NA,NA,2,non-denominational,110
549,22,boy,2,4,2,5,non-denominational,103
550,22,boy,2,NA,NA,NA,non-denominational,94
551,22,girl,2,NA,lowest,3,non-denominational,102
552,22,girl,5,7,lowest,3,non-denominational,123
553,22,girl,2,highest,4,highest,non-denominational,101
554,22,boy,4,lowest,lowest,NA,non-denominational,112
555,23,girl,2,3,lowest,2,non-denominational,85
556,23,boy,2,6,6,5,non-denominational,101
557,23,girl,5,lowest,lowest,2,non-denominational,123
558,23,girl,4,6,lowest,5,non-denominational,110
559,23,girl,2,lowest,lowest,2,non-denominational,104
560,23,girl,4,lowest,lowest,2,non-denominational,118
561,23,girl,2,4,5,5,non-denominational,94
562,23,boy,4,4,6,highest,non-denominational,114
563,23,boy,4,8,6,5,non-denominational,112
564,23,girl,2,5,3,4,non-denominational,95
565,23,girl,2,8,7,5,non-denominational,97
566,23,girl,2,5,3,2,non-denominational,93
567,23,girl,highest,7,7,highest,non-denominational,139
568,23,girl,2,4,3,2,non-denominational,99
569,23,girl,4,lowest,lowest,2,non-denominational,113
570,23,boy,5,7,4,4,non-denominational,116
571,23,boy,2,7,3,5,non-denominational,99
572,23,boy,2,7,7,2,non-denominational,103
573,23,girl,4,3,3,2,non-denominational,105
574,23,girl,2,4,lowest,3,non-denominational,86
575,23,girl,4,5,6,3,non-denominational,110
576,23,boy,2,4,4,3,non-denominational,108
577,23,girl,4,6,5,5,non-denominational,108
578,23,boy,2,3,3,3,non-denominational,85
579,23,boy,5,7,5,5,non-denominational,118
580,23,boy,5,7,7,3,non-denominational,115
581,23,girl,2,NA,5,NA,non-denominational,97
582,23,girl,highest,8,8,highest,non-denominational,128
583,23,girl,2,3,lowest,3,non-denominational,93
584,23,girl,4,6,6,3,non-denominational,107
585,23,boy,2,4,5,2,non-denominational,98
586,23,boy,2,7,5,2,non-denominational,103
587,23,boy,2,6,lowest,5,non-denominational,90
588,24,boy,2,lowest,4,2,non-denominational,99
589,24,girl,2,5,lowest,2,non-denominational,93
590,24,boy,2,lowest,lowest,lowest,non-denominational,86
591,24,girl,4,6,5,5,non-denominational,106
592,24,boy,lowest,lowest,lowest,2,non-denominational,80
593,24,girl,2,2,lowest,2,non-denominational,104
594,24,boy,4,lowest,lowest,2,non-denominational,109
595,24,girl,5,4,lowest,3,non-denominational,119
596,24,boy,2,3,lowest,NA,non-denominational,98
597,24,boy,2,lowest,lowest,2,non-denominational,111
598,24,girl,2,3,lowest,2,non-denominational,96
599,24,girl,4,lowest,lowest,3,non-denominational,109
600,24,girl,2,6,lowest,3,non-denominational,97
601,24,girl,4,lowest,lowest,5,non-denominational,113
602,24,boy,5,7,4,5,non-denominational,115
603,24,boy,2,5,5,3,non-denominational,96
604,24,girl,2,6,3,3,non-denominational,96
605,24,girl,4,5,5,3,non-denominational,105
606,24,boy,2,lowest,lowest,3,non-denominational,91
607,24,boy,4,lowest,lowest,5,non-denominational,108
608,24,boy,2,lowest,lowest,2,non-denominational,94
609,25,boy,2,4,5,5,non-denominational,105
610,25,girl,2,3,lowest,3,non-denominational,96
611,25,boy,2,5,lowest,3,non-denominational,92
612,25,boy,2,lowest,lowest,4,non-denominational,84
613,25,girl,4,2,lowest,2,non-denominational,105
614,25,boy,2,lowest,lowest,lowest,non-denominational,88
615,25,girl,2,5,3,4,non-denominational,89
616,25,boy,5,4,4,3,non-denominational,120
617,25,boy,2,lowest,lowest,4,non-denominational,85
618,25,boy,2,lowest,lowest,2,non-denominational,101
619,25,girl,4,6,3,3,non-denominational,109
620,25,boy,4,NA,lowest,NA,non-denominational,112
621,25,girl,2,NA,lowest,NA,non-denominational,99
622,25,boy,2,lowest,lowest,2,non-denominational,83
623,25,boy,2,lowest,lowest,lowest,non-denominational,109
624,25,boy,2,3,lowest,4,non-denominational,81
625,25,girl,2,NA,6,NA,non-denominational,99
626,25,boy,2,lowest,lowest,lowest,non-denominational,96
627,25,boy,2,NA,lowest,NA,non-denominational,94
628,25,boy,4,7,3,2,non-denominational,108
629,25,girl,2,lowest,lowest,3,non-denominational,94
630,25,boy,2,lowest,lowest,lowest,non-denominational,103
631,25,girl,4,lowest,lowest,3,non-denominational,102
632,26,girl,2,lowest,3,2,non-denominational,101
633,26,girl,2,lowest,lowest,2,non-denominational,98
634,26,boy,2,3,lowest,2,non-denominational,98
635,26,girl,4,4,lowest,4,non-denominational,112
636,26,girl,2,NA,NA,NA,non-denominational,102
637,26,boy,4,3,2,2,non-denominational,110
638,26,boy,4,3,lowest,3,non-denominational,109
639,26,boy,4,NA,NA,2,non-denominational,114
640,26,boy,4,5,5,3,non-denominational,106
641,26,girl,2,lowest,3,lowest,non-denominational,96
642,26,boy,2,NA,5,NA,non-denominational,95
643,26,girl,2,lowest,lowest,2,non-denominational,96
644,26,boy,4,lowest,lowest,2,non-denominational,113
645,26,girl,4,6,5,5,non-denominational,107
646,26,boy,2,3,5,3,non-denominational,93
647,26,girl,2,2,lowest,2,non-denominational,102
648,26,girl,lowest,lowest,lowest,lowest,non-denominational,89
649,26,girl,4,8,5,5,non-denominational,109
650,26,boy,2,3,3,4,non-denominational,103
651,26,girl,4,3,5,5,non-denominational,113
652,26,boy,2,NA,NA,2,non-denominational,105
653,26,girl,4,3,lowest,NA,non-denominational,110
654,26,girl,2,3,lowest,2,non-denominational,95
655,26,girl,2,lowest,lowest,3,non-denominational,100
656,26,girl,2,3,lowest,NA,non-denominational,98
657,26,girl,2,3,lowest,3,non-denominational,104
658,27,boy,2,NA,6,NA,non-denominational,98
659,27,girl,5,7,5,5,non-denominational,121
660,27,girl,2,lowest,lowest,3,non-denominational,89
661,27,girl,2,8,5,2,non-denominational,88
662,27,boy,highest,7,6,highest,non-denominational,130
663,27,boy,5,7,7,5,non-denominational,108
664,27,boy,lowest,6,6,4,non-denominational,89
665,27,boy,5,8,5,highest,non-denominational,115
666,27,girl,2,7,5,4,non-denominational,88
667,27,boy,4,7,lowest,highest,non-denominational,111
668,27,girl,2,5,2,3,non-denominational,81
669,27,girl,4,5,5,3,non-denominational,112
670,27,boy,5,6,3,3,non-denominational,114
671,27,girl,2,7,lowest,highest,non-denominational,112
672,27,girl,2,3,lowest,3,non-denominational,89
673,27,boy,2,6,3,5,non-denominational,102
674,27,girl,2,lowest,lowest,4,non-denominational,104
675,27,girl,4,3,5,3,non-denominational,103
676,27,girl,2,lowest,lowest,3,non-denominational,86
677,27,boy,5,lowest,lowest,lowest,non-denominational,121
678,27,boy,4,5,2,3,non-denominational,97
679,27,girl,5,6,3,highest,non-denominational,112
680,27,boy,4,3,3,3,non-denominational,100
681,27,boy,4,lowest,lowest,lowest,non-denominational,110
682,27,boy,4,lowest,lowest,4,non-denominational,107
683,27,boy,5,7,7,highest,non-denominational,114
684,27,girl,2,2,lowest,lowest,non-denominational,97
685,27,girl,2,NA,NA,NA,non-denominational,98
686,27,girl,4,8,3,highest,non-denominational,102
687,27,girl,5,NA,highest,NA,non-denominational,112
688,27,boy,5,5,3,3,non-denominational,111
689,27,boy,4,7,5,5,non-denominational,103
690,27,boy,2,5,6,4,non-denominational,98
691,27,girl,5,8,7,5,non-denominational,121
692,27,boy,2,3,lowest,highest,non-denominational,97
693,27,boy,5,7,5,5,non-denominational,113
694,27,girl,2,NA,5,NA,non-denominational,101
695,28,boy,2,6,lowest,5,protestant,98
696,28,girl,2,6,6,highest,protestant,100
697,28,boy,4,7,5,highest,protestant,114
698,28,boy,2,lowest,lowest,3,protestant,81
699,28,boy,4,7,6,highest,protestant,109
700,28,girl,2,lowest,3,lowest,protestant,80
701,28,boy,4,lowest,lowest,3,protestant,111
702,28,boy,5,3,5,3,protestant,123
703,28,boy,4,8,7,highest,protestant,104
704,28,boy,2,5,lowest,3,protestant,99
705,28,boy,lowest,lowest,lowest,lowest,protestant,87
706,28,boy,4,7,6,3,protestant,103
707,28,boy,4,6,3,3,protestant,110
708,28,girl,2,3,3,2,protestant,84
709,28,boy,2,4,3,4,protestant,95
710,28,boy,4,4,3,2,protestant,109
711,28,girl,4,6,3,3,protestant,110
712,28,girl,lowest,lowest,3,2,protestant,78
713,28,girl,2,7,5,5,protestant,96
714,28,girl,2,NA,lowest,NA,protestant,100
715,28,girl,2,lowest,lowest,3,protestant,99
716,28,boy,2,3,3,2,protestant,84
717,28,boy,4,NA,5,NA,protestant,106
718,28,girl,4,lowest,lowest,2,protestant,106
719,28,girl,4,highest,3,highest,protestant,113
720,28,boy,4,lowest,lowest,2,protestant,105
721,28,boy,2,2,NA,2,protestant,92
722,28,boy,2,lowest,lowest,3,protestant,81
723,28,boy,2,lowest,lowest,2,protestant,88
724,28,girl,2,lowest,3,2,protestant,98
725,28,girl,4,2,2,4,protestant,112
726,28,girl,2,lowest,lowest,3,protestant,80
727,28,boy,2,6,6,3,protestant,102
728,29,girl,4,3,lowest,2,non-denominational,109
729,29,boy,highest,7,7,3,non-denominational,127
730,29,girl,4,8,3,3,non-denominational,109
731,29,boy,2,NA,NA,2,non-denominational,88
732,29,boy,2,3,lowest,2,non-denominational,98
733,29,girl,highest,6,5,3,non-denominational,130
734,29,boy,5,4,5,lowest,non-denominational,119
735,29,girl,4,8,5,3,non-denominational,103
736,29,boy,4,5,5,5,non-denominational,104
737,29,boy,2,6,5,5,non-denominational,91
738,29,girl,highest,7,6,3,non-denominational,127
739,29,boy,5,5,5,3,non-denominational,113
740,29,boy,5,3,lowest,2,non-denominational,118
741,29,boy,2,3,3,NA,non-denominational,111
742,29,girl,5,7,7,3,non-denominational,118
743,29,girl,2,5,3,3,non-denominational,93
744,29,girl,5,5,5,3,non-denominational,111
745,29,girl,4,6,3,3,non-denominational,101
746,29,girl,5,5,lowest,3,non-denominational,117
747,29,boy,5,5,7,5,non-denominational,114
748,29,girl,4,lowest,5,3,non-denominational,102
749,29,girl,2,7,6,5,non-denominational,97
750,29,girl,4,5,5,2,non-denominational,109
751,29,girl,5,4,3,3,non-denominational,114
752,29,girl,5,3,lowest,NA,non-denominational,118
753,29,boy,2,5,lowest,3,non-denominational,111
754,29,girl,5,2,5,3,non-denominational,120
755,29,girl,2,6,3,3,non-denominational,88
756,29,girl,2,lowest,lowest,NA,non-denominational,87
757,29,boy,4,5,3,5,non-denominational,113
758,29,girl,2,lowest,lowest,2,non-denominational,94
759,29,boy,2,4,lowest,5,non-denominational,102
760,29,boy,2,lowest,lowest,2,non-denominational,89
761,29,boy,5,6,5,3,non-denominational,111
762,29,girl,5,6,6,3,non-denominational,109
763,29,boy,2,4,4,2,non-denominational,96
764,30,boy,5,8,7,highest,non-denominational,120
765,30,boy,2,6,lowest,5,non-denominational,105
766,30,boy,highest,7,7,highest,non-denominational,138
767,30,boy,highest,7,5,highest,non-denominational,121
768,30,girl,4,highest,7,highest,non-denominational,96
769,30,boy,4,7,7,5,non-denominational,101
770,30,girl,NA,2,lowest,3,non-denominational,91
771,30,boy,5,8,2,highest,non-denominational,113
772,30,girl,4,7,5,2,non-denominational,106
773,30,boy,highest,7,6,5,non-denominational,127
774,30,girl,4,3,lowest,3,non-denominational,107
775,30,boy,4,8,4,5,non-denominational,112
776,30,boy,5,7,7,highest,non-denominational,113
777,30,girl,5,4,3,3,non-denominational,116
778,30,boy,2,6,3,5,non-denominational,122
779,30,boy,5,6,7,highest,non-denominational,118
780,30,boy,highest,highest,6,highest,non-denominational,125
781,30,girl,5,5,5,5,non-denominational,116
782,30,boy,highest,highest,highest,highest,non-denominational,129
783,30,boy,5,7,3,3,non-denominational,122
784,30,girl,5,highest,highest,highest,non-denominational,120
785,30,boy,highest,highest,7,highest,non-denominational,131
786,30,boy,4,8,6,3,non-denominational,106
787,30,boy,highest,7,6,highest,non-denominational,130
788,30,boy,highest,6,6,3,non-denominational,126
789,30,girl,2,highest,highest,highest,non-denominational,114
790,30,girl,highest,2,2,2,non-denominational,129
791,30,girl,5,8,7,highest,non-denominational,120
792,30,boy,2,5,5,4,non-denominational,101
793,30,girl,5,7,5,highest,non-denominational,118
794,30,boy,2,5,lowest,3,non-denominational,100
795,30,boy,highest,7,3,4,non-denominational,125
796,30,girl,4,2,lowest,5,non-denominational,102
797,30,boy,highest,7,5,3,non-denominational,135
798,30,girl,highest,highest,highest,highest,non-denominational,135
799,30,boy,highest,7,7,5,non-denominational,138
800,30,boy,2,3,2,3,non-denominational,102
801,30,girl,4,5,lowest,3,non-denominational,112
802,30,girl,highest,highest,highest,highest,non-denominational,125
803,30,boy,5,8,5,5,non-denominational,122
804,30,girl,4,6,3,5,non-denominational,106
805,30,boy,4,7,6,4,non-denominational,106
806,31,girl,5,2,2,5,non-denominational,113
807,31,boy,4,5,lowest,4,non-denominational,112
808,31,girl,2,3,5,3,non-denominational,96
809,31,boy,2,6,4,5,non-denominational,95
810,31,girl,2,4,lowest,2,non-denominational,92
811,31,girl,2,lowest,lowest,3,non-denominational,101
812,31,boy,4,5,lowest,5,non-denominational,112
813,31,girl,2,6,3,3,non-denominational,90
814,31,girl,5,4,5,5,non-denominational,117
815,31,girl,2,5,lowest,5,non-denominational,84
816,31,girl,5,6,7,2,non-denominational,119
817,31,girl,2,6,lowest,5,non-denominational,99
818,31,boy,2,5,lowest,3,non-denominational,106
819,31,boy,4,2,lowest,5,non-denominational,111
820,31,boy,2,3,3,2,non-denominational,97
821,31,girl,2,lowest,3,2,non-denominational,96
822,31,girl,2,lowest,lowest,2,non-denominational,96
823,31,boy,4,6,lowest,5,non-denominational,104
824,31,boy,2,7,lowest,3,non-denominational,108
825,31,boy,5,5,5,3,non-denominational,116
826,31,boy,2,lowest,lowest,lowest,non-denominational,92
827,31,boy,2,lowest,lowest,3,non-denominational,99
828,32,boy,highest,highest,7,highest,non-denominational,129
829,32,girl,highest,highest,highest,highest,non-denominational,126
830,32,boy,4,7,7,3,non-denominational,110
831,32,girl,5,7,6,highest,non-denominational,117
832,32,girl,4,8,7,highest,non-denominational,125
833,32,boy,5,7,7,highest,non-denominational,123
834,32,girl,4,lowest,5,5,non-denominational,108
835,32,boy,highest,5,5,3,non-denominational,130
836,32,girl,4,highest,7,highest,non-denominational,109
837,32,girl,2,6,5,5,non-denominational,103
838,32,boy,4,highest,7,highest,non-denominational,113
839,32,boy,5,7,5,highest,non-denominational,120
840,32,boy,2,highest,7,highest,non-denominational,95
841,32,boy,highest,8,5,5,non-denominational,133
842,32,girl,5,7,2,5,non-denominational,123
843,32,boy,4,5,5,5,non-denominational,103
844,32,boy,highest,7,4,highest,non-denominational,129
845,32,girl,4,8,6,5,non-denominational,114
846,32,girl,4,8,3,5,non-denominational,104
847,32,boy,4,2,2,3,non-denominational,114
848,32,girl,5,5,5,highest,non-denominational,122
849,32,boy,2,highest,7,highest,non-denominational,98
850,32,girl,highest,8,5,3,non-denominational,121
851,32,boy,2,5,3,5,non-denominational,100
852,32,boy,2,5,5,4,non-denominational,94
853,32,boy,4,6,2,4,non-denominational,114
854,32,boy,5,8,5,5,non-denominational,117
855,32,girl,2,4,6,2,non-denominational,96
856,32,boy,4,highest,highest,highest,non-denominational,112
857,32,boy,4,8,7,highest,non-denominational,113
858,32,girl,highest,8,7,highest,non-denominational,125
859,32,boy,no subsequent school,highest,7,highest,non-denominational,100
860,32,girl,4,highest,highest,highest,non-denominational,106
861,32,boy,4,highest,7,highest,non-denominational,108
862,32,girl,highest,7,6,5,non-denominational,126
863,33,girl,5,7,5,5,non-denominational,119
864,33,girl,4,highest,7,highest,non-denominational,104
865,33,girl,2,7,5,4,non-denominational,101
866,33,boy,2,8,3,5,non-denominational,93
867,33,boy,5,8,5,4,non-denominational,121
868,33,girl,highest,highest,8,highest,non-denominational,127
869,33,girl,4,highest,highest,highest,non-denominational,102
870,33,girl,5,7,5,5,non-denominational,117
871,33,girl,2,5,3,3,non-denominational,91
872,33,boy,highest,highest,highest,highest,non-denominational,128
873,33,girl,5,6,6,3,non-denominational,114
874,33,girl,4,highest,6,highest,non-denominational,104
875,33,girl,4,7,7,3,non-denominational,105
876,33,girl,4,3,3,2,non-denominational,107
877,33,girl,4,4,4,5,non-denominational,101
878,33,boy,2,8,7,highest,non-denominational,101
879,33,girl,4,7,6,highest,non-denominational,106
880,33,boy,highest,highest,highest,highest,non-denominational,108
881,33,boy,4,highest,8,highest,non-denominational,103
882,33,boy,4,highest,8,highest,non-denominational,106
883,33,boy,2,highest,3,highest,non-denominational,101
884,33,girl,2,6,7,3,non-denominational,101
885,33,boy,4,8,7,3,non-denominational,107
886,33,girl,5,8,5,highest,non-denominational,110
887,33,boy,2,highest,7,highest,non-denominational,104
888,33,girl,5,highest,7,highest,non-denominational,109
889,33,boy,lowest,5,3,2,non-denominational,81
890,33,boy,4,5,5,3,non-denominational,105
891,33,boy,4,highest,8,highest,non-denominational,108
892,33,girl,2,6,lowest,highest,non-denominational,98
893,33,boy,5,highest,6,highest,non-denominational,120
894,33,girl,4,7,6,highest,non-denominational,103
895,33,girl,5,highest,7,highest,non-denominational,108
896,33,girl,4,8,5,highest,non-denominational,110
897,34,girl,4,7,7,highest,non-denominational,108
898,34,boy,4,lowest,lowest,2,non-denominational,114
899,34,boy,5,6,6,3,non-denominational,122
900,34,girl,2,4,3,4,non-denominational,101
901,34,boy,5,lowest,2,2,non-denominational,110
902,34,boy,2,5,lowest,2,non-denominational,96
903,34,girl,4,5,lowest,5,non-denominational,112
904,34,girl,2,lowest,lowest,4,non-denominational,84
905,34,boy,2,lowest,lowest,4,non-denominational,83
906,34,girl,2,3,3,3,non-denominational,94
907,34,girl,4,4,3,2,non-denominational,112
908,34,girl,2,5,lowest,3,non-denominational,112
909,34,boy,highest,highest,highest,highest,non-denominational,129
910,34,girl,4,7,2,5,non-denominational,111
911,34,boy,2,7,5,5,non-denominational,102
912,34,boy,2,6,5,4,non-denominational,95
913,34,girl,5,7,7,4,non-denominational,114
914,34,girl,highest,3,6,2,non-denominational,130
915,34,boy,2,6,3,5,non-denominational,100
916,34,boy,2,6,6,5,non-denominational,100
917,34,boy,5,7,lowest,3,non-denominational,120
918,34,boy,2,3,lowest,3,non-denominational,96
919,34,boy,4,5,lowest,3,non-denominational,107
920,34,girl,2,3,5,5,non-denominational,93
921,34,girl,4,6,lowest,2,non-denominational,110
922,34,girl,2,2,lowest,2,non-denominational,104
923,35,boy,4,5,lowest,3,non-denominational,113
924,35,girl,2,lowest,lowest,3,non-denominational,91
925,35,boy,2,3,lowest,2,non-denominational,91
926,35,boy,highest,4,lowest,3,non-denominational,129
927,35,girl,5,7,5,5,non-denominational,119
928,35,girl,4,6,lowest,3,non-denominational,104
929,35,girl,2,7,lowest,3,non-denominational,98
930,35,boy,4,5,lowest,3,non-denominational,105
931,35,boy,5,6,5,5,non-denominational,117
932,35,girl,2,NA,NA,2,non-denominational,81
933,35,boy,4,7,lowest,5,non-denominational,110
934,35,girl,2,3,4,2,non-denominational,93
935,35,girl,2,3,3,3,non-denominational,97
936,35,boy,4,3,5,3,non-denominational,101
937,35,girl,2,7,lowest,highest,non-denominational,89
938,35,girl,5,6,7,3,non-denominational,119
939,35,girl,2,2,lowest,3,non-denominational,80
940,35,boy,2,lowest,lowest,4,non-denominational,82
941,35,boy,2,4,2,5,non-denominational,80
942,35,girl,5,8,7,5,non-denominational,123
943,35,boy,4,4,3,3,non-denominational,105
944,35,girl,highest,6,3,3,non-denominational,133
945,35,girl,4,5,5,3,non-denominational,98
946,35,girl,5,4,lowest,highest,non-denominational,116
947,35,girl,2,2,2,2,non-denominational,89
948,35,girl,2,NA,NA,lowest,non-denominational,86
949,35,boy,2,3,lowest,2,non-denominational,76
950,35,girl,2,3,lowest,2,non-denominational,96
951,35,boy,2,4,4,4,non-denominational,92
952,35,boy,5,lowest,lowest,3,non-denominational,123
953,35,girl,2,lowest,lowest,3,non-denominational,89
954,35,boy,4,lowest,lowest,3,non-denominational,104
955,35,girl,4,NA,NA,3,non-denominational,105
956,35,girl,5,3,5,2,non-denominational,114
957,36,girl,5,highest,5,highest,non-denominational,120
958,36,boy,2,lowest,lowest,lowest,non-denominational,101
959,36,girl,2,NA,NA,NA,non-denominational,93
960,36,girl,highest,NA,5,NA,non-denominational,135
961,36,girl,2,5,3,3,non-denominational,98
962,36,girl,2,lowest,lowest,highest,non-denominational,103
963,36,boy,4,5,3,5,non-denominational,104
964,36,boy,2,NA,NA,2,non-denominational,102
965,36,girl,2,lowest,lowest,2,non-denominational,95
966,36,boy,4,6,6,3,non-denominational,111
967,36,girl,2,lowest,lowest,NA,non-denominational,83
968,36,girl,2,lowest,lowest,2,non-denominational,96
969,36,girl,lowest,7,6,highest,non-denominational,87
970,37,girl,2,lowest,lowest,2,non-denominational,96
971,37,boy,2,4,lowest,2,non-denominational,104
972,37,girl,2,NA,5,NA,non-denominational,103
973,37,girl,4,5,3,highest,non-denominational,112
974,37,girl,2,2,3,3,non-denominational,112
975,37,boy,2,lowest,3,2,non-denominational,88
976,37,boy,highest,8,5,5,non-denominational,125
977,37,boy,2,3,5,2,non-denominational,104
978,37,boy,highest,NA,NA,5,non-denominational,127
979,37,boy,2,lowest,3,2,non-denominational,102
980,37,boy,2,4,3,2,non-denominational,78
981,37,girl,5,6,5,3,non-denominational,123
982,37,boy,2,lowest,lowest,5,non-denominational,102
983,37,girl,2,3,3,3,non-denominational,79
984,37,boy,2,4,lowest,3,non-denominational,107
985,37,boy,4,lowest,lowest,2,non-denominational,114
986,37,boy,2,7,7,3,non-denominational,112
987,37,girl,4,6,5,3,non-denominational,108
988,37,girl,2,lowest,lowest,4,non-denominational,103
989,37,girl,2,5,7,3,non-denominational,91
990,37,boy,2,NA,lowest,NA,non-denominational,93
991,37,boy,highest,6,4,5,non-denominational,125
992,37,boy,2,4,lowest,3,non-denominational,87
993,37,girl,4,6,5,4,non-denominational,113
994,37,boy,2,lowest,lowest,2,non-denominational,101
995,37,girl,4,lowest,lowest,2,non-denominational,108
996,37,boy,4,6,6,3,non-denominational,111
997,37,girl,2,6,lowest,NA,non-denominational,105
998,37,boy,2,5,3,5,non-denominational,101
999,37,girl,2,7,2,5,non-denominational,96
1000,37,boy,highest,8,lowest,5,non-denominational,128
1001,37,boy,2,lowest,lowest,2,non-denominational,101
1002,37,boy,4,4,lowest,4,non-denominational,106
1003,37,boy,5,2,lowest,5,non-denominational,122
1004,37,girl,2,lowest,lowest,4,non-denominational,103
1005,37,girl,2,3,lowest,3,non-denominational,86
1006,37,girl,2,5,5,3,non-denominational,96
1007,37,boy,2,lowest,lowest,2,non-denominational,98
1008,37,boy,2,6,5,5,non-denominational,106
1009,37,boy,2,7,5,5,non-denominational,106
1010,37,boy,2,3,lowest,2,non-denominational,83
1011,37,girl,4,3,2,3,non-denominational,106
1012,37,boy,highest,6,lowest,3,non-denominational,128
1013,37,boy,2,2,lowest,3,non-denominational,100
1014,37,girl,2,6,3,3,non-denominational,101
1015,37,boy,4,7,5,3,non-denominational,110
1016,38,girl,2,5,7,3,non-denominational,96
1017,38,girl,2,6,7,3,non-denominational,91
1018,38,girl,2,3,5,2,non-denominational,88
1019,38,boy,highest,4,6,5,non-denominational,129
1020,38,boy,4,7,5,5,non-denominational,98
1021,38,boy,2,4,6,3,non-denominational,108
1022,38,girl,2,6,5,5,non-denominational,98
1023,38,girl,2,lowest,lowest,5,non-denominational,98
1024,38,girl,4,2,lowest,2,non-denominational,109
1025,38,girl,NA,8,7,highest,non-denominational,117
1026,38,boy,2,lowest,lowest,2,non-denominational,104
1027,38,girl,highest,8,3,highest,non-denominational,122
1028,38,girl,2,3,lowest,2,non-denominational,101
1029,38,girl,4,7,7,3,non-denominational,108
1030,38,boy,4,lowest,2,5,non-denominational,106
1031,38,girl,2,5,4,3,non-denominational,93
1032,38,girl,2,4,lowest,3,non-denominational,93
1033,38,boy,5,7,3,highest,non-denominational,113
1034,38,girl,5,6,lowest,highest,non-denominational,109
1035,38,boy,5,NA,NA,3,non-denominational,117
1036,38,boy,lowest,2,lowest,3,non-denominational,78
1037,38,girl,2,3,lowest,4,non-denominational,97
1038,38,boy,5,6,3,3,non-denominational,110
1039,38,girl,2,5,3,3,non-denominational,96
1040,38,boy,2,5,3,highest,non-denominational,100
1041,38,boy,2,3,3,NA,non-denominational,86
1042,38,boy,4,8,8,highest,non-denominational,106
1043,38,girl,2,5,5,3,non-denominational,91
1044,38,girl,2,4,5,3,non-denominational,96
1045,38,boy,2,6,3,3,non-denominational,84
1046,38,boy,4,7,6,highest,non-denominational,102
1047,38,girl,5,8,7,highest,non-denominational,112
1048,39,girl,2,3,3,2,non-denominational,90
1049,39,boy,5,7,3,NA,non-denominational,118
1050,39,boy,2,8,5,NA,non-denominational,98
1051,39,boy,2,7,lowest,highest,non-denominational,102
1052,39,boy,5,7,lowest,highest,non-denominational,112
1053,39,girl,2,NA,NA,3,non-denominational,101
1054,39,girl,4,4,2,3,non-denominational,105
1055,39,boy,highest,5,5,3,non-denominational,125
1056,39,girl,5,lowest,lowest,lowest,non-denominational,106
1057,39,girl,2,2,2,4,non-denominational,102
1058,39,girl,4,5,5,3,non-denominational,110
1059,39,boy,5,6,5,5,non-denominational,115
1060,39,boy,highest,8,lowest,5,non-denominational,125
1061,39,girl,2,lowest,lowest,lowest,non-denominational,93
1062,40,boy,4,6,4,5,non-denominational,116
1063,40,boy,2,lowest,lowest,3,non-denominational,98
1064,40,girl,2,2,lowest,2,non-denominational,93
1065,40,girl,4,8,5,3,non-denominational,108
1066,40,boy,4,4,lowest,2,non-denominational,110
1067,40,boy,2,lowest,lowest,4,non-denominational,98
1068,40,girl,4,6,5,3,non-denominational,108
1069,40,girl,2,lowest,lowest,5,non-denominational,100
1070,40,boy,4,5,5,5,non-denominational,106
1071,40,boy,4,lowest,lowest,2,non-denominational,110
1072,40,girl,2,3,3,2,non-denominational,89
1073,40,girl,5,3,3,2,non-denominational,116
1074,40,boy,2,6,5,5,non-denominational,96
1075,40,boy,2,6,3,2,non-denominational,105
1076,40,boy,2,lowest,3,2,non-denominational,90
1077,40,girl,4,3,lowest,3,non-denominational,105
1078,40,boy,2,lowest,lowest,2,non-denominational,103
1079,40,girl,2,2,lowest,2,non-denominational,95
1080,40,boy,5,lowest,lowest,lowest,non-denominational,119
1081,40,boy,5,5,lowest,3,non-denominational,116
1082,40,boy,4,lowest,lowest,2,non-denominational,110
1083,40,girl,highest,3,lowest,2,non-denominational,124
1084,40,boy,2,3,lowest,3,non-denominational,111
1085,40,girl,5,2,6,5,non-denominational,118
1086,40,boy,4,5,5,3,non-denominational,109
1087,40,girl,highest,6,3,3,non-denominational,126
1088,40,girl,2,2,lowest,2,non-denominational,102
1089,40,girl,4,6,6,3,non-denominational,107
1090,40,boy,2,8,3,5,non-denominational,102
1091,40,girl,2,lowest,lowest,3,non-denominational,84
1092,40,boy,4,4,6,3,non-denominational,104
1093,40,girl,5,6,5,3,non-denominational,120
1094,40,boy,2,5,5,3,non-denominational,111
1095,41,girl,2,8,3,highest,non-denominational,91
1096,41,boy,5,7,7,highest,non-denominational,120
1097,41,girl,2,lowest,lowest,2,non-denominational,105
1098,41,girl,2,NA,lowest,NA,non-denominational,87
1099,41,boy,2,3,3,2,non-denominational,91
1100,41,boy,5,7,5,5,non-denominational,120
1101,41,girl,2,NA,NA,5,non-denominational,100
1102,41,girl,2,6,lowest,3,non-denominational,103
1103,41,boy,2,6,lowest,3,non-denominational,97
1104,41,boy,4,3,lowest,5,non-denominational,105
1105,41,girl,4,5,5,3,non-denominational,111
1106,41,girl,4,lowest,3,lowest,non-denominational,106
1107,41,boy,2,3,lowest,2,non-denominational,87
1108,41,girl,4,3,2,2,non-denominational,115
1109,41,boy,2,6,lowest,5,non-denominational,95
1110,41,boy,4,3,5,2,non-denominational,112
1111,41,boy,2,5,5,3,non-denominational,101
1112,41,boy,4,7,lowest,5,non-denominational,109
1113,41,boy,2,NA,NA,2,non-denominational,108
1114,41,boy,2,2,lowest,3,non-denominational,100
1115,41,girl,2,lowest,lowest,2,non-denominational,84
1116,41,girl,2,lowest,lowest,2,non-denominational,76
1117,41,boy,4,lowest,lowest,2,non-denominational,113
1118,41,boy,4,7,lowest,5,non-denominational,106
1119,41,girl,2,lowest,5,2,non-denominational,97
1120,41,boy,2,6,lowest,3,non-denominational,94
1121,41,girl,2,3,3,2,non-denominational,94
1122,41,girl,2,3,3,3,non-denominational,97
1123,41,boy,2,lowest,lowest,NA,non-denominational,79
1124,41,girl,2,NA,NA,NA,non-denominational,90
1125,41,boy,2,3,5,2,non-denominational,102
1126,41,boy,2,lowest,lowest,lowest,non-denominational,104
1127,41,girl,2,7,lowest,3,non-denominational,103
1128,42,boy,5,8,8,4,protestant,118
1129,42,girl,4,8,4,highest,protestant,109
1130,42,girl,lowest,3,5,NA,protestant,83
1131,42,boy,2,3,3,2,protestant,104
1132,42,girl,lowest,3,lowest,NA,protestant,80
1133,42,boy,5,3,lowest,NA,protestant,103
1134,42,boy,lowest,lowest,lowest,2,protestant,100
1135,42,boy,5,7,5,highest,protestant,108
1136,42,boy,2,3,5,3,protestant,92
1137,42,girl,5,4,5,3,protestant,113
1138,42,boy,4,2,4,4,protestant,108
1139,42,boy,4,3,4,2,protestant,101
1140,42,girl,4,3,5,2,protestant,106
1141,42,girl,lowest,lowest,lowest,2,protestant,77
1142,42,girl,2,3,lowest,2,protestant,96
1143,42,girl,lowest,lowest,lowest,lowest,protestant,60
1144,42,boy,2,3,3,3,protestant,75
1145,42,boy,lowest,lowest,lowest,lowest,protestant,70
1146,42,boy,5,5,5,3,protestant,116
1147,42,girl,lowest,5,lowest,2,protestant,69
1148,42,boy,2,3,lowest,2,protestant,95
1149,42,girl,4,5,3,5,protestant,104
1150,42,boy,5,3,5,3,protestant,109
1151,42,girl,5,2,5,3,protestant,114
1152,42,boy,5,8,6,5,protestant,109
1153,42,girl,2,lowest,lowest,NA,protestant,82
1154,42,girl,lowest,2,lowest,2,protestant,87
1155,42,girl,2,5,5,2,protestant,93
1156,42,girl,2,lowest,lowest,4,protestant,95
1157,42,girl,4,highest,6,highest,protestant,104
1158,43,girl,2,5,3,3,catholic,97
1159,43,boy,4,4,lowest,3,catholic,108
1160,43,girl,5,5,lowest,3,catholic,118
1161,43,girl,4,3,3,2,catholic,115
1162,43,boy,5,5,7,highest,catholic,119
1163,43,boy,2,7,5,5,catholic,76
1164,43,boy,4,7,7,5,catholic,113
1165,43,boy,4,highest,7,highest,catholic,106
1166,43,girl,4,lowest,lowest,2,catholic,109
1167,43,boy,2,2,lowest,2,catholic,104
1168,43,boy,2,lowest,lowest,2,catholic,109
1169,43,girl,2,NA,NA,5,catholic,98
1170,43,boy,5,6,5,3,catholic,122
1171,43,boy,5,5,3,3,catholic,118
1172,43,girl,4,highest,highest,highest,catholic,104
1173,43,boy,2,6,lowest,3,catholic,91
1174,43,girl,4,6,5,3,catholic,105
1175,43,girl,2,3,5,3,catholic,104
1176,43,girl,4,5,5,4,catholic,98
1177,43,boy,4,7,lowest,highest,catholic,105
1178,43,boy,lowest,5,6,3,catholic,85
1179,43,boy,highest,7,5,5,catholic,133
1180,43,girl,5,5,6,5,catholic,114
1181,43,boy,2,7,5,3,catholic,95
1182,44,boy,2,3,lowest,3,protestant,76
1183,44,girl,2,3,lowest,2,protestant,99
1184,44,boy,2,3,lowest,2,protestant,102
1185,44,girl,4,lowest,3,4,protestant,104
1186,44,boy,4,5,lowest,3,protestant,110
1187,44,boy,2,6,6,highest,protestant,100
1188,44,girl,2,2,lowest,5,protestant,89
1189,44,girl,4,2,lowest,5,protestant,100
1190,44,boy,lowest,lowest,lowest,lowest,protestant,91
1191,44,boy,lowest,lowest,lowest,lowest,protestant,76
1192,44,boy,2,lowest,lowest,2,protestant,96
1193,44,girl,2,lowest,lowest,2,protestant,81
1194,45,boy,2,5,lowest,2,protestant,104
1195,45,girl,4,6,6,2,protestant,109
1196,45,girl,2,NA,lowest,NA,protestant,99
1197,45,boy,4,highest,7,highest,protestant,101
1198,45,boy,2,2,lowest,2,protestant,77
1199,45,boy,4,3,lowest,2,protestant,94
1200,45,boy,4,2,NA,2,protestant,105
1201,45,girl,4,7,5,5,protestant,97
1202,45,girl,2,5,3,3,protestant,87
1203,45,girl,2,2,lowest,2,protestant,106
1204,45,girl,2,lowest,lowest,3,protestant,94
1205,45,girl,2,7,6,3,protestant,103
1206,45,girl,2,lowest,NA,lowest,protestant,81
1207,45,girl,2,lowest,NA,lowest,protestant,84
1208,46,boy,5,lowest,5,4,protestant,110
1209,46,boy,2,7,7,highest,protestant,101
1210,46,girl,2,3,4,highest,protestant,94
1211,46,girl,2,lowest,4,2,protestant,100
1212,46,boy,2,lowest,lowest,NA,protestant,83
1213,46,boy,2,3,lowest,3,protestant,89
1214,46,girl,4,4,3,3,protestant,104
1215,46,boy,4,5,3,NA,protestant,107
1216,46,girl,2,lowest,lowest,lowest,protestant,96
1217,46,girl,4,7,4,highest,protestant,104
1218,47,girl,highest,2,lowest,4,catholic,126
1219,47,boy,2,6,5,3,catholic,97
1220,47,girl,5,lowest,lowest,2,catholic,104
1221,47,girl,2,2,lowest,2,catholic,88
1222,47,boy,NA,lowest,lowest,lowest,catholic,53
1223,47,girl,2,lowest,lowest,lowest,catholic,80
1224,47,boy,2,NA,NA,lowest,catholic,77
1225,47,girl,5,5,3,3,catholic,112
1226,47,girl,5,4,lowest,2,catholic,119
1227,47,girl,2,NA,5,5,catholic,77
1228,47,girl,2,NA,NA,2,catholic,85
1229,47,boy,4,2,lowest,2,catholic,111
1230,47,girl,2,6,4,3,catholic,102
1231,47,boy,2,4,lowest,2,catholic,73
1232,47,boy,5,4,4,3,catholic,113
1233,47,girl,2,lowest,lowest,4,catholic,103
1234,47,girl,2,2,3,3,catholic,96
1235,47,boy,2,NA,lowest,NA,catholic,89
1236,47,girl,2,3,2,4,catholic,102
1237,47,girl,5,7,6,4,catholic,109
1238,47,girl,2,lowest,3,2,catholic,98
1239,47,boy,2,2,3,2,catholic,85
1240,47,girl,2,4,lowest,lowest,catholic,101
1241,47,boy,2,lowest,lowest,lowest,catholic,82
1242,47,boy,highest,5,3,4,catholic,138
1243,47,girl,4,lowest,lowest,2,catholic,108
1244,47,girl,2,lowest,lowest,2,catholic,101
1245,47,girl,2,lowest,lowest,lowest,catholic,98
1246,47,boy,4,3,NA,2,catholic,112
1247,47,boy,2,2,lowest,2,catholic,70
1248,47,girl,2,2,lowest,2,catholic,75
1249,47,girl,5,5,5,3,catholic,115
1250,47,girl,2,4,lowest,2,catholic,104
1251,47,girl,4,7,7,3,catholic,106
1252,47,girl,2,NA,NA,3,catholic,105
1253,47,boy,2,NA,NA,3,catholic,103
1254,47,girl,5,5,5,4,catholic,114
1255,48,boy,2,6,5,5,catholic,105
1256,48,boy,4,6,5,5,catholic,113
1257,48,boy,2,3,lowest,3,catholic,91
1258,48,boy,2,NA,NA,3,catholic,98
1259,48,boy,5,6,lowest,5,catholic,123
1260,48,boy,highest,8,6,3,catholic,143
1261,48,boy,highest,8,5,highest,catholic,134
1262,48,boy,highest,7,7,5,catholic,125
1263,48,boy,4,3,3,5,catholic,119
1264,48,boy,4,7,6,NA,catholic,118
1265,48,boy,4,5,lowest,3,catholic,116
1266,48,boy,2,NA,lowest,NA,catholic,98
1267,48,girl,5,7,lowest,3,catholic,119
1268,48,girl,4,7,lowest,3,catholic,114
1269,48,girl,5,3,3,2,catholic,117
1270,48,girl,5,4,5,3,catholic,126
1271,48,girl,2,5,lowest,3,catholic,103
1272,48,girl,2,3,3,3,catholic,92
1273,48,girl,2,3,3,3,catholic,101
1274,48,girl,4,5,lowest,5,catholic,111
1275,48,girl,2,2,5,3,catholic,93
1276,48,girl,5,6,5,5,catholic,117
1277,48,girl,5,5,lowest,2,catholic,119
1278,48,girl,2,highest,7,highest,catholic,94
1279,48,girl,4,4,6,4,catholic,108
1280,48,girl,5,3,6,3,catholic,114
1281,48,girl,2,5,lowest,3,catholic,103
1282,48,girl,2,lowest,3,3,catholic,111
1283,48,girl,4,lowest,lowest,lowest,catholic,103
1284,49,girl,2,2,lowest,lowest,catholic,99
1285,49,girl,4,NA,5,5,catholic,115
1286,49,boy,2,2,lowest,2,catholic,100
1287,49,girl,2,3,lowest,4,catholic,98
1288,49,girl,2,lowest,lowest,NA,catholic,86
1289,49,girl,2,lowest,lowest,lowest,catholic,101
1290,49,boy,4,6,3,5,catholic,109
1291,49,girl,2,lowest,lowest,3,catholic,95
1292,49,girl,2,NA,NA,lowest,catholic,106
1293,49,boy,5,2,5,3,catholic,116
1294,49,boy,5,2,lowest,highest,catholic,115
1295,49,boy,4,lowest,lowest,lowest,catholic,106
1296,49,girl,2,2,5,NA,catholic,102
1297,49,boy,5,6,3,3,catholic,120
1298,50,boy,2,NA,NA,4,catholic,101
1299,50,boy,2,6,4,5,catholic,101
1300,50,girl,2,lowest,2,3,catholic,93
1301,50,girl,2,7,3,highest,catholic,99
1302,50,girl,2,5,5,4,catholic,87
1303,50,boy,5,7,5,highest,catholic,118
1304,50,boy,4,3,3,3,catholic,110
1305,50,girl,5,6,5,5,catholic,118
1306,50,girl,2,2,2,2,catholic,92
1307,50,girl,5,5,5,4,catholic,119
1308,50,girl,5,5,5,4,catholic,123
1309,50,boy,2,5,5,4,catholic,98
1310,50,girl,2,8,7,5,catholic,100
1311,50,girl,2,highest,8,highest,catholic,98
1312,50,girl,2,5,2,4,catholic,102
1313,50,girl,2,5,5,4,catholic,93
1314,50,girl,2,3,lowest,2,catholic,95
1315,50,girl,5,3,6,4,catholic,122
1316,50,boy,4,4,5,4,catholic,112
1317,50,girl,2,3,5,3,catholic,87
1318,50,girl,2,lowest,lowest,NA,catholic,90
1319,50,girl,2,5,5,4,catholic,94
1320,50,girl,2,3,3,4,catholic,91
1321,50,boy,2,lowest,lowest,highest,catholic,95
1322,50,girl,2,7,7,5,catholic,92
1323,50,boy,5,5,5,highest,catholic,111
1324,50,girl,2,5,5,4,catholic,86
1325,50,girl,2,3,lowest,2,catholic,86
1326,50,girl,2,3,3,4,catholic,90
1327,50,boy,5,7,3,4,catholic,112
1328,50,girl,2,2,2,4,catholic,93
1329,50,boy,2,4,lowest,5,catholic,94
1330,50,girl,5,7,5,3,catholic,116
1331,50,boy,5,NA,NA,3,catholic,116
1332,50,boy,2,6,7,4,catholic,103
1333,50,boy,2,6,5,4,catholic,79
1334,50,girl,2,2,lowest,4,catholic,93
1335,50,boy,2,4,5,5,catholic,98
1336,50,boy,4,NA,7,NA,catholic,104
1337,50,girl,5,2,lowest,2,catholic,118
1338,50,boy,2,3,3,2,catholic,101
1339,50,boy,NA,6,6,3,catholic,93
1340,50,girl,5,5,5,3,catholic,116
1341,50,boy,5,highest,6,highest,catholic,116
1342,50,girl,NA,7,7,NA,catholic,98
1343,50,girl,4,7,5,3,catholic,109
1344,51,boy,4,7,5,5,protestant,101
1345,51,boy,highest,8,5,highest,protestant,131
1346,51,girl,4,6,5,5,protestant,102
1347,51,boy,4,5,lowest,2,protestant,109
1348,51,boy,5,8,6,5,protestant,124
1349,51,girl,2,NA,NA,4,protestant,92
1350,51,boy,4,5,3,3,protestant,108
1351,51,girl,2,2,lowest,2,protestant,77
1352,51,girl,2,6,lowest,highest,protestant,92
1353,51,boy,4,6,lowest,5,protestant,104
1354,51,boy,4,6,lowest,5,protestant,108
1355,51,boy,highest,5,lowest,3,protestant,127
1356,51,girl,4,highest,2,highest,protestant,108
1357,51,boy,5,7,7,highest,protestant,118
1358,51,boy,4,highest,8,highest,protestant,103
1359,51,girl,highest,highest,6,highest,protestant,126
1360,51,girl,4,5,5,5,protestant,110
1361,51,girl,5,5,5,5,protestant,119
1362,51,boy,highest,highest,7,highest,protestant,131
1363,51,boy,5,5,7,3,protestant,116
1364,51,girl,4,highest,NA,highest,protestant,105
1365,51,girl,2,7,3,3,protestant,97
1366,52,boy,5,3,5,2,protestant,118
1367,52,boy,4,5,lowest,3,protestant,106
1368,52,girl,4,3,2,2,protestant,113
1369,52,girl,4,lowest,lowest,4,protestant,104
1370,52,girl,2,lowest,lowest,lowest,protestant,77
1371,52,boy,2,lowest,lowest,2,protestant,100
1372,52,girl,4,NA,NA,3,protestant,102
1373,52,boy,2,5,3,3,protestant,95
1374,52,boy,4,4,lowest,2,protestant,112
1375,52,boy,2,7,5,3,protestant,91
1376,52,girl,4,3,6,2,protestant,109
1377,52,boy,2,3,3,2,protestant,83
1378,52,boy,5,3,3,3,protestant,119
1379,52,girl,2,7,7,3,protestant,94
1380,52,girl,2,2,lowest,4,protestant,89
1381,52,girl,2,2,2,4,protestant,88
1382,52,boy,2,lowest,lowest,3,protestant,81
1383,52,girl,5,5,5,5,protestant,125
1384,52,girl,2,NA,NA,3,protestant,90
1385,52,girl,5,NA,NA,5,protestant,118
1386,52,boy,2,lowest,lowest,2,protestant,94
1387,52,girl,2,5,2,3,protestant,102
1388,52,girl,4,6,3,3,protestant,100
1389,52,girl,4,lowest,lowest,3,protestant,114
1390,52,girl,highest,NA,NA,3,protestant,128
1391,52,boy,2,5,3,2,protestant,98
1392,52,girl,2,5,3,2,protestant,89
1393,53,boy,2,lowest,lowest,lowest,non-denominational,86
1394,53,boy,2,lowest,2,lowest,non-denominational,95
1395,53,boy,2,NA,NA,2,non-denominational,87
1396,53,girl,2,3,3,2,non-denominational,89
1397,53,boy,2,lowest,lowest,2,non-denominational,96
1398,53,boy,2,2,lowest,2,non-denominational,101
1399,53,boy,2,3,3,2,non-denominational,79
1400,53,girl,2,3,3,2,non-denominational,101
1401,53,boy,2,lowest,lowest,2,non-denominational,99
1402,53,boy,4,4,3,3,non-denominational,105
1403,53,girl,2,5,lowest,3,non-denominational,94
1404,53,girl,4,3,3,NA,non-denominational,96
1405,53,boy,2,lowest,lowest,2,non-denominational,100
1406,53,girl,2,3,lowest,2,non-denominational,91
1407,53,girl,2,lowest,lowest,lowest,non-denominational,95
1408,53,boy,2,5,lowest,3,non-denominational,100
1409,53,boy,5,3,lowest,2,non-denominational,102
1410,53,boy,2,6,lowest,5,non-denominational,75
1411,53,girl,5,lowest,3,2,non-denominational,117
1412,53,boy,4,8,5,highest,non-denominational,117
1413,53,girl,2,3,lowest,2,non-denominational,95
1414,53,boy,2,6,3,3,non-denominational,103
1415,53,girl,2,4,5,2,non-denominational,90
1416,53,boy,2,4,5,2,non-denominational,103
1417,53,boy,2,4,3,3,non-denominational,114
1418,54,girl,2,2,lowest,3,protestant,103
1419,54,boy,4,8,5,highest,protestant,112
1420,54,girl,2,3,lowest,2,protestant,76
1421,54,boy,2,NA,NA,NA,protestant,94
1422,54,boy,2,7,7,3,protestant,103
1423,54,girl,2,3,lowest,3,protestant,89
1424,54,girl,2,lowest,lowest,2,protestant,92
1425,54,girl,2,5,3,5,protestant,60
1426,54,girl,2,6,5,3,protestant,100
1427,54,girl,2,NA,3,NA,protestant,74
1428,54,girl,2,lowest,lowest,NA,protestant,97
1429,54,girl,4,lowest,lowest,2,protestant,109
1430,54,girl,2,lowest,lowest,2,protestant,86
1431,54,girl,2,6,lowest,3,protestant,83
1432,54,boy,5,5,3,3,protestant,115
1433,54,girl,2,lowest,lowest,3,protestant,93
1434,54,boy,5,7,6,3,protestant,119
1435,54,boy,2,3,lowest,2,protestant,77
1436,54,girl,2,8,2,3,protestant,95
1437,54,boy,5,5,5,highest,protestant,117
1438,54,girl,2,7,4,5,protestant,85
1439,54,girl,2,lowest,lowest,2,protestant,85
1440,54,boy,2,6,3,3,protestant,97
1441,54,boy,4,2,lowest,3,protestant,105
1442,54,girl,2,lowest,lowest,3,protestant,92
1443,54,boy,2,NA,NA,3,protestant,69
1444,54,girl,2,6,lowest,5,protestant,91
1445,54,girl,2,4,lowest,3,protestant,85
1446,54,girl,4,7,7,3,protestant,106
1447,54,boy,2,5,lowest,3,protestant,101
1448,55,boy,highest,4,lowest,5,catholic,121
1449,55,girl,5,8,7,5,catholic,125
1450,55,girl,highest,7,5,5,catholic,127
1451,55,girl,5,highest,7,highest,catholic,111
1452,55,girl,2,3,lowest,2,catholic,110
1453,55,girl,2,4,3,4,catholic,96
1454,55,girl,4,highest,7,highest,catholic,103
1455,55,boy,5,7,4,5,catholic,109
1456,55,boy,2,5,5,5,catholic,100
1457,55,girl,5,8,5,5,catholic,117
1458,55,boy,5,6,3,3,catholic,113
1459,55,boy,5,5,5,5,catholic,109
1460,55,girl,2,3,5,2,catholic,93
1461,55,boy,5,highest,5,highest,catholic,121
1462,55,boy,5,6,6,highest,catholic,114
1463,55,girl,5,5,7,3,catholic,113
1464,55,boy,highest,highest,highest,highest,catholic,125
1465,55,girl,5,8,5,highest,catholic,119
1466,55,girl,4,7,5,highest,catholic,106
1467,55,boy,2,8,7,3,catholic,105
1468,55,girl,2,2,lowest,4,catholic,94
1469,55,boy,4,2,lowest,4,catholic,110
1470,55,girl,2,7,5,5,catholic,89
1471,55,boy,highest,8,7,3,catholic,125
1472,55,boy,4,lowest,lowest,4,catholic,107
1473,55,girl,highest,7,7,5,catholic,125
1474,55,boy,5,7,5,4,catholic,116
1475,55,boy,4,6,5,4,catholic,109
1476,55,girl,4,5,7,NA,catholic,102
1477,55,girl,highest,8,lowest,highest,catholic,133
1478,56,boy,4,5,5,3,catholic,99
1479,56,girl,4,7,6,5,catholic,106
1480,56,girl,2,5,3,3,catholic,101
1481,56,boy,5,5,5,4,catholic,123
1482,56,boy,5,7,lowest,3,catholic,114
1483,56,girl,2,NA,NA,2,catholic,98
1484,56,girl,4,7,5,3,catholic,103
1485,56,boy,5,4,4,3,catholic,119
1486,56,girl,2,6,5,5,catholic,94
1487,56,boy,2,5,lowest,3,catholic,98
1488,56,boy,4,lowest,lowest,lowest,catholic,109
1489,56,boy,2,7,4,5,catholic,93
1490,56,boy,highest,highest,7,3,catholic,132
1491,56,girl,2,5,lowest,3,catholic,93
1492,56,girl,2,3,lowest,2,catholic,88
1493,56,girl,2,5,lowest,3,catholic,88
1494,56,boy,5,7,5,3,catholic,118
1495,56,boy,4,7,lowest,5,catholic,102
1496,56,boy,5,7,7,3,catholic,108
1497,56,boy,4,5,5,4,catholic,98
1498,56,boy,2,7,5,highest,catholic,96
1499,56,boy,2,2,lowest,lowest,catholic,95
1500,56,boy,2,5,5,3,catholic,85
1501,56,boy,5,4,5,3,catholic,116
1502,56,boy,5,7,3,3,catholic,121
1503,56,boy,4,7,lowest,3,catholic,104
1504,57,girl,2,2,lowest,NA,protestant,93
1505,57,boy,2,lowest,lowest,lowest,protestant,86
1506,57,boy,2,3,2,2,protestant,87
1507,57,girl,2,lowest,lowest,lowest,protestant,82
1508,57,girl,lowest,lowest,lowest,lowest,protestant,77
1509,57,boy,lowest,lowest,lowest,lowest,protestant,81
1510,57,girl,lowest,lowest,lowest,2,protestant,72
1511,57,boy,2,2,2,3,protestant,90
1512,57,boy,4,NA,6,NA,protestant,109
1513,57,girl,2,2,lowest,4,protestant,99
1514,57,girl,2,lowest,lowest,2,protestant,84
1515,57,boy,2,lowest,lowest,NA,protestant,89
1516,57,girl,4,lowest,lowest,NA,protestant,111
1517,57,boy,lowest,3,2,2,protestant,81
1518,57,boy,lowest,lowest,lowest,4,protestant,76
1519,57,girl,lowest,lowest,lowest,lowest,protestant,85
1520,57,boy,2,lowest,lowest,2,protestant,101
1521,57,girl,4,3,lowest,2,protestant,115
1522,57,boy,2,lowest,lowest,lowest,protestant,101
1523,57,boy,2,lowest,lowest,2,protestant,100
1524,57,boy,2,lowest,lowest,NA,protestant,83
1525,57,girl,2,lowest,lowest,lowest,protestant,102
1526,58,boy,4,2,lowest,3,protestant,111
1527,58,boy,4,5,5,4,protestant,113
1528,58,girl,lowest,5,5,3,protestant,62
1529,58,boy,5,7,5,5,protestant,116
1530,58,girl,4,NA,NA,2,protestant,111
1531,58,boy,highest,7,6,3,protestant,125
1532,58,boy,highest,7,6,5,protestant,133
1533,58,boy,2,2,5,3,protestant,94
1534,58,boy,2,lowest,lowest,3,protestant,95
1535,58,girl,2,7,5,5,protestant,91
1536,58,boy,2,7,5,5,protestant,73
1537,58,boy,highest,8,6,3,protestant,129
1538,58,boy,4,NA,5,NA,protestant,106
1539,58,boy,lowest,7,6,3,protestant,88
1540,58,girl,2,3,lowest,2,protestant,86
1541,58,girl,4,3,3,2,protestant,114
1542,58,boy,2,3,3,2,protestant,76
1543,58,boy,highest,7,6,NA,protestant,126
1544,58,girl,2,lowest,lowest,4,protestant,88
1545,58,girl,4,4,5,5,protestant,110
1546,58,girl,2,7,7,2,protestant,110
1547,58,girl,2,5,lowest,3,protestant,91
1548,58,boy,2,3,5,5,protestant,100
1549,58,girl,2,4,lowest,2,protestant,103
1550,58,girl,4,5,lowest,3,protestant,105
1551,58,girl,2,8,3,5,protestant,101
1552,58,girl,4,4,3,2,protestant,111
1553,58,boy,5,8,lowest,5,protestant,118
1554,58,girl,lowest,3,3,2,protestant,70
1555,58,boy,highest,2,lowest,5,protestant,126
1556,58,girl,4,3,3,4,protestant,107
1557,58,girl,2,highest,6,highest,protestant,93
1558,58,boy,highest,highest,highest,highest,protestant,132
1559,58,girl,lowest,7,lowest,5,protestant,71
