county,distid,dist_name,instid,inst_name,inst_type,asian,black_african_american,hispanic_latino,american_indian_alaska_native,multi_racial,native_hawaiian_pacific_islander,white
All Counties,9999,Statewide,9999,Statewide,State,11.8,7,4.1,5.1,9.1,4.4,8.7
Baker,1894,Baker SD 5J,1894,Baker SD 5J,District,NA,NA,14.6,NA,11.9,NA,10.7
Baker,1895,Huntington SD 16J,1895,Huntington SD 16J,District,NA,NA,NA,NA,NA,NA,8.8
Baker,1896,Burnt River SD 30J,1896,Burnt River SD 30J,District,NA,NA,NA,NA,NA,NA,NA
Baker,1897,Pine Eagle SD 61,1897,Pine Eagle SD 61,District,NA,NA,NA,NA,NA,NA,15.1
Benton,1898,Monroe SD 1J,1898,Monroe SD 1J,District,NA,NA,NA,NA,NA,NA,8
Benton,1899,Alsea SD 7J,1899,Alsea SD 7J,District,NA,NA,NA,NA,NA,NA,NA
Benton,1900,Philomath SD 17J,1900,Philomath SD 17J,District,NA,NA,5.8,NA,NA,NA,7
Benton,1901,Corvallis SD 509J,1901,Corvallis SD 509J,District,13.8,10.4,7.8,NA,11.6,NA,12.5
Clackamas,1902,Clackamas ESD,1902,Clackamas ESD,District,NA,NA,NA,NA,NA,NA,NA
Clackamas,1922,West Linn-Wilsonville SD 3J,1922,West Linn-Wilsonville SD 3J,District,13.6,NA,6.4,NA,12.9,NA,11.4
Clackamas,1923,Lake Oswego SD 7J,1923,Lake Oswego SD 7J,District,13.7,NA,11.8,NA,15,NA,11.8
Clackamas,1924,North Clackamas SD 12,1924,North Clackamas SD 12,District,9.8,10.3,4.8,NA,8.5,6.9,8.8
Clackamas,1925,Molalla River SD 35,1925,Molalla River SD 35,District,NA,NA,2.8,NA,8.3,NA,5.4
Clackamas,1926,Oregon Trail SD 46,1926,Oregon Trail SD 46,District,NA,NA,6.4,NA,11,NA,10.9
Clackamas,1927,Colton SD 53,1927,Colton SD 53,District,NA,NA,NA,NA,NA,NA,7.4
Clackamas,1928,Oregon City SD 62,1928,Oregon City SD 62,District,NA,NA,5.8,NA,9,NA,9.5
Clackamas,1929,Canby SD 86,1929,Canby SD 86,District,NA,NA,2.6,NA,10.7,NA,8.1
Clackamas,1930,Estacada SD 108,1930,Estacada SD 108,District,NA,NA,8.6,NA,5.7,NA,8.6
Clackamas,1931,Gladstone SD 115,1931,Gladstone SD 115,District,NA,NA,3.8,NA,5,NA,6.7
Clatsop,1933,Astoria SD 1,1933,Astoria SD 1,District,NA,NA,9.4,NA,NA,NA,11.2
Clatsop,1934,Jewell SD 8,1934,Jewell SD 8,District,NA,NA,NA,NA,NA,NA,8.1
Clatsop,1935,Seaside SD 10,1935,Seaside SD 10,District,NA,NA,3.8,NA,NA,NA,7.1
Clatsop,1936,Warrenton-Hammond SD 30,1936,Warrenton-Hammond SD 30,District,NA,NA,10.6,NA,NA,NA,8.6
Columbia,1944,Scappoose SD 1J,1944,Scappoose SD 1J,District,NA,NA,1.7,NA,6.6,NA,8.5
Columbia,1945,Clatskanie SD 6J,1945,Clatskanie SD 6J,District,NA,NA,NA,NA,2,NA,6.7
Columbia,1946,Rainier SD 13,1946,Rainier SD 13,District,NA,NA,NA,NA,8.3,NA,10.6
Columbia,1947,Vernonia SD 47J,1947,Vernonia SD 47J,District,NA,NA,NA,NA,NA,NA,4.7
Columbia,1948,St Helens SD 502,1948,St Helens SD 502,District,NA,NA,4.2,NA,5.2,NA,9.2
Coos,1964,Coquille SD 8,1964,Coquille SD 8,District,NA,NA,6.1,NA,9.6,NA,8.9
Coos,1965,Coos Bay SD 9,1965,Coos Bay SD 9,District,NA,NA,3.1,NA,2,NA,5.1
Coos,1966,North Bend SD 13,1966,North Bend SD 13,District,NA,NA,3.6,NA,7.7,NA,6.6
Coos,1967,Powers SD 31,1967,Powers SD 31,District,NA,NA,NA,NA,NA,NA,8
Coos,1968,Myrtle Point SD 41,1968,Myrtle Point SD 41,District,NA,NA,NA,NA,NA,NA,4.4
Coos,1969,Bandon SD 54,1969,Bandon SD 54,District,NA,NA,NA,NA,NA,NA,6.7
Crook,1970,Crook County SD,1970,Crook County SD,District,NA,NA,3.4,NA,5,NA,9.4
Curry,1972,Central Curry SD 1,1972,Central Curry SD 1,District,NA,NA,NA,NA,NA,NA,6.8
Curry,1973,Port Orford-Langlois SD 2CJ,1973,Port Orford-Langlois SD 2CJ,District,NA,NA,NA,NA,NA,NA,7.3
Curry,1974,Brookings-Harbor SD 17C,1974,Brookings-Harbor SD 17C,District,NA,NA,9.3,NA,10.5,NA,4.9
Deschutes,1976,Bend-LaPine Administrative SD 1,1976,Bend-LaPine Administrative SD 1,District,10.9,NA,5.9,5,12.6,NA,10.4
Deschutes,1977,Redmond SD 2J,1977,Redmond SD 2J,District,NA,NA,4.2,NA,9.3,NA,8.2
Deschutes,1978,Sisters SD 6,1978,Sisters SD 6,District,NA,NA,NA,NA,NA,NA,8.3
Douglas,1990,Oakland SD 1,1990,Oakland SD 1,District,NA,NA,NA,NA,NA,NA,7.8
Douglas,1991,Douglas County SD 4,1991,Douglas County SD 4,District,NA,NA,3.8,NA,6.5,NA,6.4
Douglas,1992,Glide SD 12,1992,Glide SD 12,District,NA,NA,10,NA,6.5,NA,5
Douglas,1993,Douglas County SD 15,1993,Douglas County SD 15,District,NA,NA,NA,NA,NA,NA,4.6
Douglas,1994,South Umpqua SD 19,1994,South Umpqua SD 19,District,NA,NA,4.9,NA,9.3,NA,4.2
Douglas,1995,Camas Valley SD 21J,1995,Camas Valley SD 21J,District,NA,NA,NA,NA,NA,NA,5.4
Douglas,1996,North Douglas SD 22,1996,North Douglas SD 22,District,NA,NA,NA,NA,NA,NA,2.7
Douglas,1997,Yoncalla SD 32,1997,Yoncalla SD 32,District,NA,NA,NA,NA,NA,NA,11.4
Douglas,1998,Elkton SD 34,1998,Elkton SD 34,District,NA,NA,NA,NA,NA,NA,6.1
Douglas,1999,Riddle SD 70,1999,Riddle SD 70,District,NA,NA,NA,NA,NA,NA,5
Douglas,2000,Glendale SD 77,2000,Glendale SD 77,District,NA,NA,NA,NA,NA,NA,4.6
Douglas,2001,Reedsport SD 105,2001,Reedsport SD 105,District,NA,NA,NA,NA,5.3,NA,5.9
Douglas,2002,Winston-Dillard SD 116,2002,Winston-Dillard SD 116,District,NA,NA,0.9,NA,7.8,NA,6.2
Douglas,2003,Sutherlin SD 130,2003,Sutherlin SD 130,District,NA,NA,3.4,NA,NA,NA,4.9
Gilliam,2005,Arlington SD 3,2005,Arlington SD 3,District,NA,NA,NA,NA,NA,NA,11.9
Gilliam,2006,Condon SD 25J,2006,Condon SD 25J,District,NA,NA,NA,NA,NA,NA,4.2
Grant,2008,John Day SD 3,2008,John Day SD 3,District,NA,NA,NA,NA,NA,NA,10.1
Grant,2009,Prairie City SD 4,2009,Prairie City SD 4,District,NA,NA,NA,NA,NA,NA,13.1
Grant,2010,Monument SD 8,2010,Monument SD 8,District,NA,NA,NA,NA,NA,NA,NA
Grant,2011,Dayville SD 16J,2011,Dayville SD 16J,District,NA,NA,NA,NA,NA,NA,NA
Grant,2012,Long Creek SD 17,2012,Long Creek SD 17,District,NA,NA,NA,NA,NA,NA,NA
Harney,2014,Harney County SD 3,2014,Harney County SD 3,District,NA,NA,7.3,NA,NA,NA,6.5
Harney,2015,Harney County SD 4,2015,Harney County SD 4,District,NA,NA,15.5,NA,NA,NA,12.1
Harney,2017,Diamond SD 7,2017,Diamond SD 7,District,NA,NA,NA,NA,NA,NA,NA
Harney,2018,Suntex SD 10,2018,Suntex SD 10,District,NA,NA,NA,NA,NA,NA,NA
Harney,2019,Drewsey SD 13,2019,Drewsey SD 13,District,NA,NA,NA,NA,NA,NA,NA
Harney,2020,Frenchglen SD 16,2020,Frenchglen SD 16,District,NA,NA,NA,NA,NA,NA,16.7
Harney,2021,Double O SD 28,2021,Double O SD 28,District,NA,NA,NA,NA,NA,NA,NA
Harney,2022,South Harney SD 33,2022,South Harney SD 33,District,NA,NA,NA,NA,NA,NA,NA
Hood River,2024,Hood River County SD,2024,Hood River County SD,District,NA,NA,2.6,NA,5.4,NA,7.9
Jackson,2025,Southern Oregon ESD,2025,Southern Oregon ESD,District,NA,NA,NA,NA,NA,NA,NA
Jackson,2039,Phoenix-Talent SD 4,2039,Phoenix-Talent SD 4,District,NA,NA,3.7,NA,9.6,NA,7.1
Jackson,2041,Ashland SD 5,2041,Ashland SD 5,District,NA,NA,6.2,NA,9.2,NA,10.2
Jackson,2042,Central Point SD 6,2042,Central Point SD 6,District,NA,NA,5.1,NA,8.9,NA,7.4
Jackson,2043,Eagle Point SD 9,2043,Eagle Point SD 9,District,NA,NA,1.5,NA,8.1,NA,5.1
Jackson,2044,Rogue River SD 35,2044,Rogue River SD 35,District,NA,NA,NA,NA,NA,NA,2.7
Jackson,2045,Prospect SD 59,2045,Prospect SD 59,District,NA,NA,NA,NA,NA,NA,8.9
Jackson,2046,Butte Falls SD 91,2046,Butte Falls SD 91,District,NA,NA,NA,NA,NA,NA,5.2
Jackson,2047,Pinehurst SD 94,2047,Pinehurst SD 94,District,NA,NA,NA,NA,NA,NA,NA
Jackson,2048,Medford SD 549C,2048,Medford SD 549C,District,11.3,6.9,3.8,5.4,10.2,7.8,8.1
Jefferson,2050,Culver SD 4,2050,Culver SD 4,District,NA,NA,6.9,NA,NA,NA,12.7
Jefferson,2051,Ashwood SD 8,2051,Ashwood SD 8,District,NA,NA,NA,NA,NA,NA,NA
Jefferson,2052,Black Butte SD 41,2052,Black Butte SD 41,District,NA,NA,NA,NA,NA,NA,NA
Jefferson,2053,Jefferson County SD 509J,2053,Jefferson County SD 509J,District,NA,NA,1.6,3.7,2.9,NA,4
Josephine,2054,Grants Pass SD 7,2054,Grants Pass SD 7,District,NA,NA,4.2,NA,6,NA,7.2
Josephine,2055,Three Rivers/Josephine County SD,2055,Three Rivers/Josephine County SD,District,NA,NA,5.8,NA,4,NA,5.1
Klamath,2056,Klamath Falls City Schools,2056,Klamath Falls City Schools,District,NA,NA,2.5,2.9,3.6,NA,6.8
Klamath,2057,Klamath County SD,2057,Klamath County SD,District,NA,NA,1.6,2,3.3,NA,5
Lake,2059,Lake County SD 7,2059,Lake County SD 7,District,NA,NA,10.1,NA,NA,NA,13.3
Lake,2060,Paisley SD 11,2060,Paisley SD 11,District,NA,NA,NA,NA,NA,NA,18.1
Lake,2061,North Lake SD 14,2061,North Lake SD 14,District,NA,NA,NA,NA,NA,NA,4.6
Lake,2062,Plush SD 18,2062,Plush SD 18,District,NA,NA,NA,NA,NA,NA,NA
Lane,2081,Pleasant Hill SD 1,2081,Pleasant Hill SD 1,District,NA,NA,NA,NA,NA,NA,8
Lane,2082,Eugene SD 4J,2082,Eugene SD 4J,District,12.7,NA,6.9,10.3,10.4,NA,10.5
Lane,2083,Springfield SD 19,2083,Springfield SD 19,District,NA,8.7,2.9,4.2,8.6,NA,7.4
Lane,2084,Fern Ridge SD 28J,2084,Fern Ridge SD 28J,District,NA,NA,8.2,NA,NA,NA,8.9
Lane,2085,Mapleton SD 32,2085,Mapleton SD 32,District,NA,NA,NA,NA,NA,NA,9
Lane,2086,Creswell SD 40,2086,Creswell SD 40,District,NA,NA,3.8,NA,NA,NA,5
Lane,2087,South Lane SD 45J3,2087,South Lane SD 45J3,District,NA,NA,3.8,2.8,3.5,NA,6.1
Lane,2088,Bethel SD 52,2088,Bethel SD 52,District,NA,NA,5.5,NA,6,NA,8.6
Lane,2089,Crow-Applegate-Lorane SD 66,2089,Crow-Applegate-Lorane SD 66,District,NA,NA,NA,NA,NA,NA,6.7
Lane,2090,McKenzie SD 68,2090,McKenzie SD 68,District,NA,NA,NA,NA,NA,NA,10.2
Lane,2091,Junction City SD 69,2091,Junction City SD 69,District,NA,NA,2.8,NA,7.6,NA,7.7
Lane,2092,Lowell SD 71,2092,Lowell SD 71,District,NA,NA,7.6,NA,NA,NA,13.6
Lane,2093,Oakridge SD 76,2093,Oakridge SD 76,District,NA,NA,NA,NA,NA,NA,4.5
Lane,2094,Marcola SD 79J,2094,Marcola SD 79J,District,NA,NA,NA,NA,NA,NA,7.5
Lane,2095,Blachly SD 90,2095,Blachly SD 90,District,NA,NA,NA,NA,NA,NA,6.4
Lane,2096,Siuslaw SD 97J,2096,Siuslaw SD 97J,District,NA,NA,NA,NA,15.5,NA,9.1
Lincoln,2097,Lincoln County SD,2097,Lincoln County SD,District,NA,NA,5.3,0.9,8.4,NA,6.8
Linn,2098,Linn Benton Lincoln ESD,2098,Linn Benton Lincoln ESD,District,NA,NA,NA,NA,NA,NA,NA
Linn,2099,Harrisburg SD 7J,2099,Harrisburg SD 7J,District,NA,NA,6.3,NA,NA,NA,5
Linn,2100,Greater Albany Public SD 8J,2100,Greater Albany Public SD 8J,District,NA,NA,3.2,8.4,6.6,NA,5.7
Linn,2101,Lebanon Community SD 9,2101,Lebanon Community SD 9,District,NA,NA,4,NA,4.6,NA,4.2
Linn,2102,Sweet Home SD 55,2102,Sweet Home SD 55,District,NA,NA,2.3,NA,NA,NA,5.1
Linn,2103,Scio SD 95,2103,Scio SD 95,District,NA,NA,3.3,NA,NA,NA,5.2
Linn,2104,Santiam Canyon SD 129J,2104,Santiam Canyon SD 129J,District,NA,15.9,7.5,NA,14.9,NA,8.4
Linn,2105,Central Linn SD 552,2105,Central Linn SD 552,District,NA,NA,NA,NA,NA,NA,5.3
Malheur,2107,Jordan Valley SD 3,2107,Jordan Valley SD 3,District,NA,NA,NA,NA,NA,NA,NA
Malheur,2108,Ontario SD 8C,2108,Ontario SD 8C,District,NA,NA,5.4,NA,7,NA,5
Malheur,2109,Juntura SD 12,2109,Juntura SD 12,District,NA,NA,NA,NA,NA,NA,NA
Malheur,2110,Nyssa SD 26,2110,Nyssa SD 26,District,NA,NA,6.8,NA,NA,NA,11.9
Malheur,2111,Annex SD 29,2111,Annex SD 29,District,NA,NA,NA,NA,NA,NA,NA
Malheur,2113,Adrian SD 61,2113,Adrian SD 61,District,NA,NA,NA,NA,NA,NA,8.6
Malheur,2114,Harper SD 66,2114,Harper SD 66,District,NA,NA,NA,NA,NA,NA,5.2
Malheur,2115,Arock SD 81,2115,Arock SD 81,District,NA,NA,NA,NA,NA,NA,NA
Malheur,2116,Vale SD 84,2116,Vale SD 84,District,NA,NA,4.7,NA,NA,NA,6.6
Marion,2137,Gervais SD 1,2137,Gervais SD 1,District,NA,NA,2.7,NA,NA,NA,4.5
Marion,2138,Silver Falls SD 4J,2138,Silver Falls SD 4J,District,NA,NA,2,NA,5.5,NA,8.2
Marion,2139,Cascade SD 5,2139,Cascade SD 5,District,NA,NA,4.2,NA,NA,NA,7.1
Marion,2140,Jefferson SD 14J,2140,Jefferson SD 14J,District,NA,NA,6.6,NA,NA,NA,7.9
Marion,2141,North Marion SD 15,2141,North Marion SD 15,District,NA,NA,3.8,NA,NA,NA,7.4
Marion,2142,Salem-Keizer SD 24J,2142,Salem-Keizer SD 24J,District,7.1,5.2,2.6,4.6,6.6,2,6.3
Marion,2143,North Santiam SD 29J,2143,North Santiam SD 29J,District,NA,NA,0.5,NA,5.4,NA,6.5
Marion,2144,St Paul SD 45,2144,St Paul SD 45,District,NA,NA,2.9,NA,NA,NA,14.1
Marion,2145,Mt Angel SD 91,2145,Mt Angel SD 91,District,NA,NA,2.3,NA,NA,NA,5.3
Marion,2146,Woodburn SD 103,2146,Woodburn SD 103,District,NA,NA,2.5,NA,3.7,NA,3.4
Morrow,2147,Morrow SD 1,2147,Morrow SD 1,District,NA,NA,5.7,NA,NA,NA,10.8
Multnomah,2180,Portland SD 1J,2180,Portland SD 1J,District,9.1,7.2,7.4,6.9,11.3,5.7,11.9
Multnomah,2181,Parkrose SD 3,2181,Parkrose SD 3,District,6.7,6.1,2.8,NA,8.3,NA,7.1
Multnomah,2182,Reynolds SD 7,2182,Reynolds SD 7,District,3.9,5.1,2.6,4.8,4.1,2.4,6.1
Multnomah,2183,Gresham-Barlow SD 10J,2183,Gresham-Barlow SD 10J,District,4,3,3.1,4,6.9,3.6,6.5
Multnomah,2185,Centennial SD 28J,2185,Centennial SD 28J,District,3.9,3.9,2.5,NA,6.3,0.1,5.1
Multnomah,2186,Corbett SD 39,2186,Corbett SD 39,District,NA,NA,NA,NA,NA,NA,12.7
Multnomah,2187,David Douglas SD 40,2187,David Douglas SD 40,District,6,6.2,5,NA,7.4,2.4,6.8
Multnomah,2188,Riverdale SD 51J,2188,Riverdale SD 51J,District,NA,NA,NA,NA,NA,NA,16.8
Polk,2190,Dallas SD 2,2190,Dallas SD 2,District,NA,NA,2.8,NA,12,NA,8
Polk,2191,Central SD 13J,2191,Central SD 13J,District,NA,NA,4.6,NA,13.8,NA,6.1
Polk,2192,Perrydale SD 21,2192,Perrydale SD 21,District,NA,NA,NA,NA,NA,NA,7.1
Polk,2193,Falls City SD 57,2193,Falls City SD 57,District,NA,NA,NA,NA,NA,NA,6.8
Sherman,2195,Sherman County SD,2195,Sherman County SD,District,NA,NA,NA,NA,NA,NA,12
Tillamook,2197,Tillamook SD 9,2197,Tillamook SD 9,District,NA,NA,3.8,NA,8.2,NA,6.4
Tillamook,2198,Neah-Kah-Nie SD 56,2198,Neah-Kah-Nie SD 56,District,NA,NA,NA,NA,NA,NA,9.6
Tillamook,2199,Nestucca Valley SD 101J,2199,Nestucca Valley SD 101J,District,NA,NA,0,NA,NA,NA,6.3
Umatilla,2200,InterMountain ESD,2200,InterMountain ESD,District,NA,NA,NA,NA,NA,NA,NA
Umatilla,2201,Helix SD 1,2201,Helix SD 1,District,NA,NA,NA,NA,NA,NA,10.7
Umatilla,2202,Pilot Rock SD 2,2202,Pilot Rock SD 2,District,NA,NA,NA,NA,NA,NA,8.8
Umatilla,2203,Echo SD 5,2203,Echo SD 5,District,NA,NA,NA,NA,NA,NA,9.9
Umatilla,2204,Umatilla SD 6R,2204,Umatilla SD 6R,District,NA,NA,2.2,NA,NA,NA,4.8
Umatilla,2205,Milton-Freewater Unified SD 7,2205,Milton-Freewater Unified SD 7,District,NA,NA,2.1,NA,NA,NA,5.8
Umatilla,2206,Hermiston SD 8,2206,Hermiston SD 8,District,NA,NA,2.3,NA,3.8,NA,6.3
Umatilla,2207,Pendleton SD 16,2207,Pendleton SD 16,District,NA,NA,5.5,3.9,6.9,NA,8.8
Umatilla,2208,Athena-Weston SD 29RJ,2208,Athena-Weston SD 29RJ,District,NA,NA,5.9,NA,NA,NA,14.6
Umatilla,2209,Stanfield SD 61,2209,Stanfield SD 61,District,NA,NA,6.5,NA,NA,NA,4.5
Umatilla,2210,Ukiah SD 80R,2210,Ukiah SD 80R,District,NA,NA,NA,NA,NA,NA,NA
Union,2212,La Grande SD 1,2212,La Grande SD 1,District,NA,NA,7.4,NA,5,12.4,9.8
Union,2213,Union SD 5,2213,Union SD 5,District,NA,NA,NA,NA,NA,NA,8.5
Union,2214,North Powder SD 8J,2214,North Powder SD 8J,District,NA,NA,NA,NA,NA,NA,11.7
Union,2215,Imbler SD 11,2215,Imbler SD 11,District,NA,NA,NA,NA,NA,NA,8.9
Union,2216,Cove SD 15,2216,Cove SD 15,District,NA,NA,NA,NA,NA,NA,6.8
Union,2217,Elgin SD 23,2217,Elgin SD 23,District,NA,NA,NA,NA,NA,NA,10.8
Wallowa,2219,Joseph SD 6,2219,Joseph SD 6,District,NA,NA,NA,NA,NA,NA,10.2
Wallowa,2220,Wallowa SD 12,2220,Wallowa SD 12,District,NA,NA,NA,NA,NA,NA,9.2
Wallowa,2221,Enterprise SD 21,2221,Enterprise SD 21,District,NA,NA,NA,NA,NA,NA,12.3
Wasco,2225,South Wasco County SD 1,2225,South Wasco County SD 1,District,NA,NA,NA,NA,NA,NA,4.9
Wasco,2229,Dufur SD 29,2229,Dufur SD 29,District,NA,NA,NA,NA,NA,NA,14
Washington,2239,Hillsboro SD 1J,2239,Hillsboro SD 1J,District,12.3,8.7,3,11.9,9,1.9,9.4
Washington,2240,Banks SD 13,2240,Banks SD 13,District,NA,NA,1.6,NA,NA,NA,7.5
Washington,2241,Forest Grove SD 15,2241,Forest Grove SD 15,District,NA,NA,5.4,NA,12.5,NA,6.9
Washington,2242,Tigard-Tualatin SD 23J,2242,Tigard-Tualatin SD 23J,District,10.3,12.2,3.8,3.8,9.8,3.7,12.1
Washington,2243,Beaverton SD 48J,2243,Beaverton SD 48J,District,17,8.8,5.4,10.2,12.5,7.7,11.6
Washington,2244,Sherwood SD 88J,2244,Sherwood SD 88J,District,19.6,NA,7.8,NA,10,NA,13.8
Washington,2245,Gaston SD 511J,2245,Gaston SD 511J,District,NA,NA,NA,NA,NA,NA,4.5
Wheeler,2247,Spray SD 1,2247,Spray SD 1,District,NA,NA,NA,NA,NA,NA,NA
Wheeler,2248,Fossil SD 21J,2248,Fossil SD 21J,District,NA,NA,NA,NA,NA,NA,14.6
Wheeler,2249,Mitchel SD 55,2249,Mitchel SD 55,District,NA,NA,NA,NA,NA,NA,5.8
Yamhill,2251,Yamhill Carlton SD 1,2251,Yamhill Carlton SD 1,District,NA,NA,10.2,NA,NA,NA,6.1
Yamhill,2252,Amity SD 4J,2252,Amity SD 4J,District,NA,NA,4.4,NA,NA,NA,8.4
Yamhill,2253,Dayton SD 8,2253,Dayton SD 8,District,NA,NA,0.6,NA,NA,NA,4.1
Yamhill,2254,Newberg SD 29J,2254,Newberg SD 29J,District,NA,NA,6.8,NA,12,NA,12.2
Yamhill,2255,Willamina SD 30J,2255,Willamina SD 30J,District,NA,NA,3.8,7.7,8.9,NA,7.6
Yamhill,2256,McMinnville SD 40,2256,McMinnville SD 40,District,10.9,NA,4.3,NA,2.1,NA,7.3
Yamhill,2257,Sheridan SD 48J,2257,Sheridan SD 48J,District,NA,NA,7.4,NA,NA,NA,3.4
Clatsop,2262,Knappa SD 4,2262,Knappa SD 4,District,NA,NA,NA,NA,NA,NA,5.1
Marion,2336,Oregon Department of Education,2336,Oregon Department of Education,District,NA,NA,10.4,NA,NA,NA,10.3
Morrow,3997,Ione SD R2,3997,Ione SD R2,District,NA,NA,NA,NA,NA,NA,NA
Wasco,4131,North Wasco County SD 21,4131,North Wasco County SD 21,District,NA,NA,2.7,NA,1.6,NA,7.7
Baker,1894,Baker SD 5J,2,Brooklyn Primary School,School,NA,NA,9.3,NA,5.3,NA,6.7
Baker,1894,Baker SD 5J,4,Haines Elementary School,School,NA,NA,NA,NA,NA,NA,19.9
Baker,1894,Baker SD 5J,5,Keating Elementary School,School,NA,NA,NA,NA,NA,NA,NA
Baker,1897,Pine Eagle SD 61,15,Pine Eagle Charter School,School,NA,NA,NA,NA,NA,NA,15.1
Benton,1899,Alsea SD 7J,17,Alsea Charter School,School,NA,NA,NA,NA,NA,NA,NA
Benton,1900,Philomath SD 17J,18,Blodgett Elementary School,School,NA,NA,NA,NA,NA,NA,3
Benton,1901,Corvallis SD 509J,27,Adams Elementary School,School,10.3,NA,NA,NA,NA,NA,12.5
Benton,1901,Corvallis SD 509J,30,Garfield Elementary School,School,NA,NA,2.7,NA,NA,NA,12.9
Benton,1901,Corvallis SD 509J,33,Hoover Elementary School,School,15.7,NA,NA,NA,11.5,NA,16.3
Benton,1901,Corvallis SD 509J,35,Jefferson Elementary School,School,NA,NA,NA,NA,NA,NA,11.8
Benton,1901,Corvallis SD 509J,36,Lincoln Elementary School,School,NA,NA,9.4,NA,NA,NA,12.2
Benton,1901,Corvallis SD 509J,37,Mt View Elementary School,School,NA,NA,NA,NA,NA,NA,11.8
Benton,1901,Corvallis SD 509J,39,Wilson Elementary School,School,NA,NA,9,NA,10.3,NA,11.5
Clackamas,1922,West Linn-Wilsonville SD 3J,45,Cedaroak Park Primary School,School,NA,NA,NA,NA,NA,NA,12.4
Clackamas,1922,West Linn-Wilsonville SD 3J,47,Stafford Primary School,School,NA,NA,NA,NA,NA,NA,11.1
Clackamas,1922,West Linn-Wilsonville SD 3J,48,Sunset Primary School,School,NA,NA,NA,NA,15.9,NA,10.5
Clackamas,1923,Lake Oswego SD 7J,53,Forest Hills Elementary School,School,NA,NA,NA,NA,NA,NA,11.7
Clackamas,1923,Lake Oswego SD 7J,54,Hallinan Elementary School,School,NA,NA,NA,NA,20.3,NA,12
Clackamas,1923,Lake Oswego SD 7J,55,Lake Grove Elementary School,School,NA,NA,NA,NA,NA,NA,11.4
Clackamas,1923,Lake Oswego SD 7J,56,River Grove Elementary School,School,16,NA,14.6,NA,16.2,NA,11.3
Clackamas,1923,Lake Oswego SD 7J,58,Westridge Elementary School,School,NA,NA,NA,NA,NA,NA,12
Clackamas,1924,North Clackamas SD 12,65,Bilquist Elementary School,School,NA,NA,4.1,NA,4.6,NA,7.4
Clackamas,1924,North Clackamas SD 12,72,Whitcomb Elementary School,School,NA,NA,0.9,NA,NA,NA,7.7
Clackamas,1924,North Clackamas SD 12,73,Milwaukie Elementary School,School,NA,NA,NA,NA,NA,NA,8.7
Clackamas,1924,North Clackamas SD 12,76,Riverside Elementary School,School,NA,NA,2.8,NA,NA,NA,6.9
Clackamas,1924,North Clackamas SD 12,78,Sunnyside Elementary School,School,7.6,NA,7.5,NA,4.3,NA,5.9
Clackamas,1924,North Clackamas SD 12,79,View Acres Elementary School,School,NA,NA,3.6,NA,10.8,NA,7.9
Clackamas,1926,Oregon Trail SD 46,88,Welches Elementary School,School,NA,NA,NA,NA,NA,NA,11.8
Multnomah,2183,Gresham-Barlow SD 10J,90,Deep Creek â€“ Damascus K-8 School,School,NA,NA,NA,NA,NA,NA,10.1
Clackamas,1929,Canby SD 86,92,Carus School,School,NA,NA,1.1,NA,NA,NA,6.6
Clackamas,1925,Molalla River SD 35,93,Clarkes Elementary School,School,NA,NA,NA,NA,NA,NA,5.8
Clackamas,1925,Molalla River SD 35,94,Molalla Elementary School,School,NA,NA,3,NA,NA,NA,5.4
Clackamas,1926,Oregon Trail SD 46,96,Naas Elementary School,School,NA,NA,2.2,NA,NA,NA,8
Clackamas,1926,Oregon Trail SD 46,99,Kelso Elementary School,School,NA,NA,NA,NA,NA,NA,12.9
Clackamas,1926,Oregon Trail SD 46,100,Sandy Grade School,School,NA,NA,4,NA,NA,NA,9.6
Clackamas,1926,Oregon Trail SD 46,101,Firwood Elementary School,School,NA,NA,4.8,NA,NA,NA,11.3
Clackamas,1927,Colton SD 53,103,Colton Elementary School,School,NA,NA,NA,NA,NA,NA,7.4
Clackamas,1928,Oregon City SD 62,105,Beavercreek Elementary School,School,NA,NA,NA,NA,NA,NA,9.7
Clackamas,1928,Oregon City SD 62,107,Holcomb Elementary School,School,NA,NA,9,NA,NA,NA,8.8
Clackamas,1928,Oregon City SD 62,109,Gaffney Lane Elementary School,School,NA,NA,1.7,NA,NA,NA,8.9
Clackamas,1928,Oregon City SD 62,110,Jennings Lodge Elementary School,School,NA,NA,5.8,NA,NA,NA,10
Clackamas,1928,Oregon City SD 62,114,John McLoughlin Elementary School,School,NA,NA,NA,NA,NA,NA,10.8
Marion,2138,Silver Falls SD 4J,119,Butte Creek Elementary School,School,NA,NA,3.4,NA,NA,NA,9.4
Clackamas,1925,Molalla River SD 35,121,Mulino Elementary School,School,NA,NA,1.1,NA,NA,NA,3.4
Clackamas,1929,Canby SD 86,122,William Knight Elementary School,School,NA,NA,1.2,NA,NA,NA,5.3
Clackamas,1929,Canby SD 86,124,Howard Eccles Elementary School,School,NA,NA,4.1,NA,NA,NA,11.8
Clackamas,1929,Canby SD 86,127,Ninety-One School,School,NA,NA,NA,NA,NA,NA,7.1
Clackamas,1925,Molalla River SD 35,128,Rural Dell Elementary School,School,NA,NA,3.9,NA,NA,NA,4.4
Clackamas,1930,Estacada SD 108,131,Clackamas River Elementary School,School,NA,NA,NA,NA,NA,NA,6.1
Clackamas,1930,Estacada SD 108,132,River Mill Elementary School,School,NA,NA,6.5,NA,NA,NA,6.2
Clackamas,1928,Oregon City SD 62,139,Redland Elementary School,School,NA,NA,5.3,NA,6.7,NA,7.3
Clatsop,1933,Astoria SD 1,143,Astor Elementary School,School,NA,NA,9.4,NA,NA,NA,11.2
Clatsop,1935,Seaside SD 10,152,Seaside Heights Elementary School,School,NA,NA,2.5,NA,NA,NA,7.1
Clatsop,1935,Seaside SD 10,153,Gearhart Elementary School,School,NA,NA,5.3,NA,NA,NA,7.4
Clatsop,1936,Warrenton-Hammond SD 30,156,Warrenton Grade School,School,NA,NA,10.6,NA,NA,NA,8.6
Columbia,1944,Scappoose SD 1J,158,Grant Watts Elementary School,School,NA,NA,2,NA,6.9,NA,6.6
Columbia,1944,Scappoose SD 1J,160,Warren Elementary School,School,NA,NA,NA,NA,NA,NA,7.2
Columbia,1945,Clatskanie SD 6J,163,Clatskanie Elementary School,School,NA,NA,NA,NA,2,NA,6.7
Clatsop,2262,Knappa SD 4,166,Hilda Lahti Elementary School,School,NA,NA,NA,NA,NA,NA,5.1
Columbia,1946,Rainier SD 13,171,Hudson Park Elementary School,School,NA,NA,NA,NA,8.3,NA,10.6
Columbia,1947,Vernonia SD 47J,176,Mist Elementary School,School,NA,NA,NA,NA,NA,NA,NA
Columbia,1947,Vernonia SD 47J,177,Vernonia Elementary School,School,NA,NA,NA,NA,NA,NA,5
Columbia,1948,St Helens SD 502,179,Columbia City Elementary School,School,NA,NA,5.8,NA,NA,NA,8.6
Columbia,1948,St Helens SD 502,182,McBride Elementary School,School,NA,NA,3.3,NA,NA,NA,7.8
Coos,1964,Coquille SD 8,189,Lincoln School of Early Learning,School,NA,NA,6.1,NA,9.6,NA,8.9
Coos,1965,Coos Bay SD 9,192,Blossom Gulch Elementary School,School,NA,NA,1.6,NA,0.8,NA,5.7
Coos,1965,Coos Bay SD 9,196,Madison Elementary School,School,NA,NA,0.2,NA,NA,NA,2.8
Coos,1966,North Bend SD 13,204,Hillcrest Elementary School,School,NA,NA,1.9,NA,NA,NA,8.3
Coos,1966,North Bend SD 13,205,North Bay Elementary School,School,NA,NA,4,NA,4.6,NA,4.1
Coos,1967,Powers SD 31,210,Powers Elementary School,School,NA,NA,NA,NA,NA,NA,8
Coos,1968,Myrtle Point SD 41,214,Myrtle Crest School,School,NA,NA,NA,NA,NA,NA,4.4
Coos,1969,Bandon SD 54,217,Ocean Crest Elementary School,School,NA,NA,NA,NA,NA,NA,6.7
Crook,1970,Crook County SD,219,Crooked River Elementary School,School,NA,NA,5.1,NA,NA,NA,9.1
Crook,1970,Crook County SD,222,Paulina School,School,NA,NA,NA,NA,NA,NA,NA
Crook,1970,Crook County SD,223,Powell Butte Community Charter School,School,NA,NA,NA,NA,NA,NA,11.8
Curry,1973,Port Orford-Langlois SD 2CJ,228,Driftwood Elementary School,School,NA,NA,NA,NA,NA,NA,7.3
Curry,1972,Central Curry SD 1,231,Riley Creek Elementary School,School,NA,NA,NA,NA,NA,NA,6.8
Curry,1974,Brookings-Harbor SD 17C,236,Kalmiopsis Elementary School,School,NA,NA,9.3,NA,10.5,NA,4.9
Deschutes,1976,Bend-LaPine Administrative SD 1,241,Bear Creek Elementary School,School,NA,NA,5.1,NA,NA,NA,12.6
Deschutes,1976,Bend-LaPine Administrative SD 1,245,LaPine Elementary School,School,NA,NA,NA,NA,NA,NA,4.4
Deschutes,1976,Bend-LaPine Administrative SD 1,246,Juniper Elementary School,School,NA,NA,8.4,NA,NA,NA,8.2
Deschutes,1976,Bend-LaPine Administrative SD 1,247,R E Jewell Elementary School,School,NA,NA,1.3,NA,NA,NA,11.7
Deschutes,1976,Bend-LaPine Administrative SD 1,250,Buckingham Elementary School,School,NA,NA,8.9,NA,NA,NA,8.5
Deschutes,1977,Redmond SD 2J,260,Terrebonne Community School,School,NA,NA,NA,NA,NA,NA,6.9
Deschutes,1977,Redmond SD 2J,261,Tumalo Community School,School,NA,NA,2.7,NA,NA,NA,8.8
Deschutes,1978,Sisters SD 6,264,Sisters Elementary School,School,NA,NA,NA,NA,NA,NA,8.3
Crook,1970,Crook County SD,265,Brothers Elementary School,School,NA,NA,NA,NA,NA,NA,NA
Douglas,1990,Oakland SD 1,267,Oakland Elementary School,School,NA,NA,NA,NA,NA,NA,7.8
Douglas,1991,Douglas County SD 4,269,Eastwood Elementary School,School,NA,NA,2.4,NA,NA,NA,6.7
Douglas,1991,Douglas County SD 4,270,Fir Grove Elementary School,School,NA,NA,4.3,NA,NA,NA,3.8
Douglas,1991,Douglas County SD 4,271,Fullerton IV Elementary School,School,NA,NA,4.7,NA,NA,NA,5.5
Douglas,1991,Douglas County SD 4,272,Green Elementary School,School,NA,NA,NA,NA,10.7,NA,4.1
Douglas,1991,Douglas County SD 4,273,Hucrest Elementary School,School,NA,NA,5.2,NA,NA,NA,8
Douglas,1991,Douglas County SD 4,274,Melrose Elementary School,School,NA,NA,NA,NA,NA,NA,9
Douglas,1991,Douglas County SD 4,276,Sunnyslope Elementary School,School,NA,NA,2.6,NA,NA,NA,6.6
Douglas,1991,Douglas County SD 4,277,Winchester Elementary School,School,NA,NA,4.9,NA,NA,NA,6.4
Douglas,1992,Glide SD 12,282,Glide Elementary School,School,NA,NA,10,NA,6.5,NA,5
Douglas,1994,South Umpqua SD 19,289,Canyonville School,School,NA,NA,NA,NA,7.5,NA,5.6
Douglas,1994,South Umpqua SD 19,290,Myrtle Creek Elementary School,School,NA,NA,5.7,NA,NA,NA,2.3
Douglas,1994,South Umpqua SD 19,292,Tri City Elementary School,School,NA,NA,NA,NA,NA,NA,5.4
Douglas,1996,North Douglas SD 22,296,North Douglas Elementary School,School,NA,NA,NA,NA,NA,NA,2.7
Douglas,1997,Yoncalla SD 32,299,Yoncalla Elementary School,School,NA,NA,NA,NA,NA,NA,11.4
Douglas,1998,Elkton SD 34,302,Elkton Charter School,School,NA,NA,NA,NA,NA,NA,6.1
Douglas,1999,Riddle SD 70,304,Riddle Elementary School,School,NA,NA,NA,NA,NA,NA,5
Douglas,2000,Glendale SD 77,306,Glendale Elementary School,School,NA,NA,NA,NA,NA,NA,4.6
Douglas,2001,Reedsport SD 105,309,Highland Elementary School,School,NA,NA,NA,NA,5.3,NA,5.9
Douglas,2002,Winston-Dillard SD 116,313,Lookingglass Elementary School,School,NA,NA,NA,NA,NA,NA,9.6
Douglas,2003,Sutherlin SD 130,318,East Sutherlin Primary School,School,NA,NA,3.4,NA,NA,NA,4.9
Gilliam,2005,Arlington SD 3,323,Arlington Community Charter School,School,NA,NA,NA,NA,NA,NA,11.9
Gilliam,2006,Condon SD 25J,325,Condon Elementary School,School,NA,NA,NA,NA,NA,NA,4.2
Grant,2008,John Day SD 3,327,Humbolt Elementary School,School,NA,NA,NA,NA,NA,NA,9.9
Grant,2008,John Day SD 3,330,Seneca Elementary School,School,NA,NA,NA,NA,NA,NA,NA
Harney,2014,Harney County SD 3,342,Henry L Slater Elementary School,School,NA,NA,7.3,NA,NA,NA,6.5
Harney,2015,Harney County SD 4,346,Crane Elementary School,School,NA,NA,NA,NA,NA,NA,8.8
Harney,2017,Diamond SD 7,348,Diamond Elementary School,School,NA,NA,NA,NA,NA,NA,NA
Harney,2018,Suntex SD 10,349,Suntex Elementary School,School,NA,NA,NA,NA,NA,NA,NA
Harney,2019,Drewsey SD 13,350,Drewsey Elementary School,School,NA,NA,NA,NA,NA,NA,NA
Harney,2021,Double O SD 28,352,Double O Elementary School,School,NA,NA,NA,NA,NA,NA,NA
Harney,2022,South Harney SD 33,357,Fields Elementary School,School,NA,NA,NA,NA,NA,NA,NA
Hood River,2024,Hood River County SD,362,May Street Elementary School,School,NA,NA,2.2,NA,NA,NA,10.4
Hood River,2024,Hood River County SD,363,Mid Valley Elementary School,School,NA,NA,3.1,NA,NA,NA,4.2
Hood River,2024,Hood River County SD,364,Parkdale Elementary School,School,NA,NA,2.1,NA,NA,NA,5.9
Hood River,2024,Hood River County SD,366,Westside Elementary School,School,NA,NA,2.4,NA,NA,NA,8.3
Jackson,2039,Phoenix-Talent SD 4,370,Orchard Hill Elementary School,School,NA,NA,1.8,NA,NA,NA,6.6
Jackson,2039,Phoenix-Talent SD 4,371,Phoenix Elementary School,School,NA,NA,4.2,NA,NA,NA,7.4
Jackson,2039,Phoenix-Talent SD 4,372,Talent Elementary School,School,NA,NA,4.4,NA,NA,NA,7.6
Jackson,2041,Ashland SD 5,375,Bellview Elementary School,School,NA,NA,4.1,NA,NA,NA,11.2
Jackson,2041,Ashland SD 5,377,Helman Elementary School,School,NA,NA,NA,NA,13.6,NA,11.5
Jackson,2041,Ashland SD 5,379,Walker Elementary School,School,NA,NA,2.3,NA,9.3,NA,7.1
Jackson,2042,Central Point SD 6,382,Central Point Elementary School,School,NA,NA,8.1,NA,NA,NA,8.1
Jackson,2042,Central Point SD 6,383,Jewett Elementary School,School,NA,NA,3.7,NA,NA,NA,5.9
Jackson,2042,Central Point SD 6,384,Patrick Elementary School,School,NA,NA,NA,NA,NA,NA,5.9
Jackson,2042,Central Point SD 6,385,Richardson Elementary School,School,NA,NA,4,NA,NA,NA,8.9
Jackson,2042,Central Point SD 6,386,Sams Valley Elementary School,School,NA,NA,7.6,NA,NA,NA,4.6
Jackson,2043,Eagle Point SD 9,390,Hillside Elementary School,School,NA,NA,3.2,NA,NA,NA,4.6
Jackson,2043,Eagle Point SD 9,393,Shady Cove School,School,NA,NA,NA,NA,NA,NA,6.7
Jackson,2043,Eagle Point SD 9,394,Table Rock Elementary School,School,NA,NA,1.1,NA,NA,NA,3.8
Jackson,2044,Rogue River SD 35,399,Rogue River Elementary School,School,NA,NA,NA,NA,NA,NA,2.5
Josephine,2055,Three Rivers/Josephine County SD,402,Applegate Elementary School,School,NA,NA,NA,NA,NA,NA,4.1
Jackson,2046,Butte Falls SD 91,406,Butte Falls Charter School,School,NA,NA,NA,NA,NA,NA,5.2
Jackson,2047,Pinehurst SD 94,407,Pinehurst Elementary School,School,NA,NA,NA,NA,NA,NA,NA
Jackson,2048,Medford SD 549C,408,Griffin Creek Elementary School,School,NA,NA,7.3,NA,NA,NA,6.4
Jackson,2048,Medford SD 549C,409,Hoover Elementary School,School,NA,NA,5.8,NA,NA,NA,11.6
Jackson,2048,Medford SD 549C,410,Howard Elementary School,School,NA,NA,2.9,NA,NA,NA,4.5
Jackson,2048,Medford SD 549C,411,Jackson Elementary School,School,NA,NA,1.6,NA,NA,NA,5.9
Jackson,2048,Medford SD 549C,412,Jacksonville Elementary School,School,NA,NA,9.3,NA,NA,NA,12.6
Jackson,2048,Medford SD 549C,413,Jefferson Elementary School,School,NA,NA,3.2,NA,NA,NA,5.6
Jackson,2048,Medford SD 549C,414,Lone Pine Elementary School,School,NA,NA,7.4,NA,NA,NA,9
Jackson,2048,Medford SD 549C,415,Oak Grove Elementary School,School,NA,NA,2.1,NA,NA,NA,3.1
Jackson,2048,Medford SD 549C,416,Kennedy Elementary School,School,NA,NA,3.5,NA,NA,NA,5.9
Jackson,2048,Medford SD 549C,417,Roosevelt Elementary School,School,NA,NA,2.2,NA,NA,NA,3.8
Jackson,2048,Medford SD 549C,418,Ruch Elementary School,School,NA,NA,NA,NA,NA,NA,9
Jackson,2048,Medford SD 549C,419,Washington Elementary School,School,NA,NA,3,NA,NA,NA,3.6
Jackson,2048,Medford SD 549C,420,Wilson Elementary School,School,NA,NA,2.5,NA,NA,NA,4.3
Jefferson,2050,Culver SD 4,425,Culver Elementary School,School,NA,NA,6.9,NA,NA,NA,12.7
Jefferson,2051,Ashwood SD 8,427,Ashwood Elementary School,School,NA,NA,NA,NA,NA,NA,NA
Jefferson,2052,Black Butte SD 41,428,Black Butte Elementary School,School,NA,NA,NA,NA,NA,NA,NA
Jefferson,2053,Jefferson County SD 509J,429,Buff Intermediate School,School,NA,NA,2.1,NA,NA,NA,4.2
Jefferson,2053,Jefferson County SD 509J,430,Madras Primary School,School,NA,NA,1.9,NA,NA,NA,4.4
Jefferson,2053,Jefferson County SD 509J,431,Metolius Elementary School,School,NA,NA,1,NA,NA,NA,3.6
Jefferson,2053,Jefferson County SD 509J,432,Warm Springs K-8 Academy,School,NA,NA,NA,3.2,NA,NA,NA
Josephine,2054,Grants Pass SD 7,435,Allen Dale Elementary School,School,NA,NA,5.5,NA,7.7,NA,8.7
Josephine,2054,Grants Pass SD 7,436,Highland Elementary School,School,NA,NA,3.8,NA,5,NA,8.5
Josephine,2054,Grants Pass SD 7,437,Lincoln Elementary School,School,NA,NA,3.5,NA,NA,NA,7.5
Josephine,2054,Grants Pass SD 7,439,Redwood Elementary School,School,NA,NA,2.9,NA,5.7,NA,7
Josephine,2054,Grants Pass SD 7,440,Riverside Elementary School,School,NA,NA,5.3,NA,4.2,NA,5.8
Josephine,2055,Three Rivers/Josephine County SD,443,Evergreen Elementary School,School,NA,NA,0.6,NA,2,NA,2.8
Josephine,2055,Three Rivers/Josephine County SD,445,Fruitdale Elementary School,School,NA,NA,12.7,NA,0.2,NA,4.9
Josephine,2055,Three Rivers/Josephine County SD,446,Ft Vannoy Elementary School,School,NA,NA,NA,NA,NA,NA,4.5
Josephine,2055,Three Rivers/Josephine County SD,450,Madrona Elementary School,School,NA,NA,NA,NA,NA,NA,10
Josephine,2055,Three Rivers/Josephine County SD,451,Manzanita Elementary School,School,NA,NA,8.9,NA,NA,NA,4.8
Josephine,2055,Three Rivers/Josephine County SD,453,Williams Elementary School,School,NA,NA,NA,NA,NA,NA,4.9
Klamath,2056,Klamath Falls City Schools,459,Joseph Conger Elementary School,School,NA,NA,1.2,NA,NA,NA,4.4
Klamath,2056,Klamath Falls City Schools,461,Mills Elementary School,School,NA,NA,2.7,NA,NA,NA,4.1
Klamath,2056,Klamath Falls City Schools,462,Pelican Elementary School,School,NA,NA,NA,NA,NA,NA,4.2
Klamath,2056,Klamath Falls City Schools,465,Roosevelt Elementary School,School,NA,NA,3.2,NA,NA,NA,11.3
Klamath,2057,Klamath County SD,467,Bonanza Elementary School,School,NA,NA,NA,NA,NA,NA,3.3
Klamath,2057,Klamath County SD,468,Chiloquin Elementary School,School,NA,NA,NA,1.5,NA,NA,2.8
Klamath,2057,Klamath County SD,470,Ferguson Elementary School,School,NA,NA,2.3,NA,1.7,NA,3.5
Klamath,2057,Klamath County SD,471,Gearhart Elementary School,School,NA,NA,NA,NA,NA,NA,NA
Klamath,2057,Klamath County SD,472,Gilchrist Elementary School,School,NA,NA,NA,NA,NA,NA,4.4
Klamath,2057,Klamath County SD,473,Henley Elementary School,School,NA,NA,2.7,NA,NA,NA,9
Klamath,2057,Klamath County SD,474,Keno Elementary School,School,NA,NA,NA,NA,NA,NA,4.4
Klamath,2057,Klamath County SD,475,Malin Elementary School,School,NA,NA,1.4,NA,NA,NA,3.8
Klamath,2057,Klamath County SD,476,Merrill Elementary School,School,NA,NA,1.1,NA,NA,NA,3.1
Klamath,2057,Klamath County SD,477,Peterson Elementary School,School,NA,NA,0.7,0.5,0.3,NA,4.4
Klamath,2057,Klamath County SD,478,Shasta Elementary School,School,NA,NA,1.2,NA,NA,NA,5.8
Klamath,2057,Klamath County SD,479,Stearns Elementary School,School,NA,NA,0.5,NA,NA,NA,3.1
Lake,2059,Lake County SD 7,489,Union Elementary School,School,NA,NA,NA,NA,NA,NA,16.5
Lake,2059,Lake County SD 7,490,Fremont - Hay Elementary School,School,NA,NA,10.9,NA,NA,NA,12.6
Lake,2062,Plush SD 18,497,Plush Elementary School,School,NA,NA,NA,NA,NA,NA,NA
Lane,2081,Pleasant Hill SD 1,500,Pleasant Hill Elementary School,School,NA,NA,NA,NA,NA,NA,8
Lane,2082,Eugene SD 4J,503,Adams Elementary School,School,NA,NA,NA,NA,NA,NA,14.8
Lane,2082,Eugene SD 4J,504,Awbrey Park Elementary School,School,NA,NA,5.1,NA,NA,NA,9.7
Lane,2082,Eugene SD 4J,507,Coburg Community Charter School,School,NA,NA,NA,NA,NA,NA,13.8
Lane,2082,Eugene SD 4J,510,Edison Elementary School,School,NA,NA,NA,NA,NA,NA,10.9
Lane,2082,Eugene SD 4J,513,Gilham Elementary School,School,NA,NA,8.8,NA,9.4,NA,10
Lane,2082,Eugene SD 4J,515,Howard Elementary School,School,NA,NA,3.5,NA,NA,NA,4.5
Lane,2082,Eugene SD 4J,522,McCornack Elementary School,School,NA,NA,4.4,NA,NA,NA,9
Lane,2082,Eugene SD 4J,525,River Road - El Camino del Rio Elementary School,School,NA,NA,4.2,NA,NA,NA,12.2
Lane,2082,Eugene SD 4J,529,Spring Creek Elementary School,School,NA,NA,NA,NA,NA,NA,6.6
Lane,2082,Eugene SD 4J,530,Twin Oaks Elementary School,School,NA,NA,NA,NA,NA,NA,6.8
Lane,2082,Eugene SD 4J,534,Willagillespie Elementary School,School,NA,NA,6.7,NA,NA,NA,10.5
Lane,2083,Springfield SD 19,544,Centennial Elementary School,School,NA,NA,3.6,NA,8.7,NA,3.5
Lane,2083,Springfield SD 19,545,Douglas Gardens Elementary School,School,NA,NA,3.7,NA,NA,NA,4.8
Lane,2083,Springfield SD 19,546,Elizabeth Page Elementary School,School,NA,NA,NA,NA,7.3,NA,7
Lane,2083,Springfield SD 19,548,Guy Lee Elementary School,School,NA,NA,4.8,NA,5.3,NA,7.4
Lane,2083,Springfield SD 19,550,Maple Elementary School,School,NA,NA,2.2,NA,NA,NA,6.1
Lane,2083,Springfield SD 19,553,Ridgeview Elementary School,School,NA,NA,NA,NA,NA,NA,12.1
Lane,2083,Springfield SD 19,554,Mt Vernon Elementary School,School,NA,NA,2.1,NA,NA,NA,5.3
Lane,2083,Springfield SD 19,556,Thurston Elementary School,School,NA,NA,6.5,NA,12.7,NA,11.9
Lane,2083,Springfield SD 19,558,Walterville Elementary School,School,NA,NA,NA,NA,NA,NA,13.5
Lane,2083,Springfield SD 19,559,Yolanda Elementary School,School,NA,NA,0.3,NA,NA,NA,9.4
Lane,2084,Fern Ridge SD 28J,563,Elmira Elementary School,School,NA,NA,NA,NA,NA,NA,8.1
Lane,2084,Fern Ridge SD 28J,566,Veneta Elementary School,School,NA,NA,8.1,NA,NA,NA,9.5
Lane,2085,Mapleton SD 32,568,Mapleton Elementary School,School,NA,NA,NA,NA,NA,NA,9
Lane,2086,Creswell SD 40,570,Creslane Elementary School,School,NA,NA,3.8,NA,NA,NA,5
Lane,2087,South Lane SD 45J3,573,Bohemia Elementary School,School,NA,NA,2.6,NA,NA,NA,5.8
Lane,2087,South Lane SD 45J3,574,Dorena School,School,NA,NA,NA,NA,NA,NA,4.4
Lane,2087,South Lane SD 45J3,576,Harrison Elementary School,School,NA,NA,1.8,NA,NA,NA,7.9
Lane,2087,South Lane SD 45J3,577,Latham Elementary School,School,NA,NA,NA,NA,NA,NA,1
Lane,2087,South Lane SD 45J3,578,London School,School,NA,NA,NA,NA,NA,NA,3.7
Lane,2088,Bethel SD 52,582,Clear Lake Elementary School,School,NA,NA,6.6,NA,2.7,NA,4.7
Lane,2088,Bethel SD 52,583,Danebo Elementary School,School,NA,NA,5.3,NA,NA,NA,4.8
Lane,2088,Bethel SD 52,584,Fairfield Elementary School,School,NA,NA,4.6,NA,10.7,NA,6.8
Lane,2088,Bethel SD 52,585,Irving Elementary School,School,NA,NA,NA,NA,NA,NA,10.4
Lane,2088,Bethel SD 52,586,Malabon Elementary School,School,NA,NA,4.2,NA,5.5,NA,8.3
Lane,2089,Crow-Applegate-Lorane SD 66,589,Applegate Elementary School,School,NA,NA,NA,NA,NA,NA,6.7
Lane,2090,McKenzie SD 68,594,McKenzie River Community School,School,NA,NA,NA,NA,NA,NA,10.2
Lane,2091,Junction City SD 69,595,Laurel Elementary School,School,NA,NA,3,NA,6.4,NA,6.9
Lane,2092,Lowell SD 71,598,Lundy Elementary School,School,NA,NA,NA,NA,NA,NA,9.9
Lane,2093,Oakridge SD 76,600,Oakridge Elementary School,School,NA,NA,NA,NA,NA,NA,4.5
Lane,2094,Marcola SD 79J,603,Marcola Elementary School,School,NA,NA,NA,NA,NA,NA,7.5
Lane,2096,Siuslaw SD 97J,609,Siuslaw Elementary School,School,NA,NA,NA,NA,15.5,NA,9.1
Lincoln,2097,Lincoln County SD,611,Toledo Elementary School,School,NA,NA,NA,1.8,9.9,NA,7.3
Lincoln,2097,Lincoln County SD,617,Oceanlake Elementary School,School,NA,NA,4,NA,6.3,NA,5.4
Lincoln,2097,Lincoln County SD,618,Yaquina View Elementary School,School,NA,NA,5.6,NA,10.2,NA,8.6
Lincoln,2097,Lincoln County SD,623,Crestview Heights School,School,NA,NA,NA,NA,NA,NA,4.7
Linn,2100,Greater Albany Public SD 8J,633,Clover Ridge Elementary School,School,NA,NA,2,NA,5.9,NA,6.7
Linn,2100,Greater Albany Public SD 8J,635,Fir Grove Primary School,School,NA,NA,NA,NA,NA,NA,8.6
Linn,2100,Greater Albany Public SD 8J,636,Periwinkle Elementary School,School,NA,NA,3,NA,NA,NA,6.1
Linn,2100,Greater Albany Public SD 8J,637,North Albany Elementary School,School,NA,NA,NA,NA,NA,NA,7.7
Linn,2100,Greater Albany Public SD 8J,640,Lafayette Elementary School,School,NA,NA,2.7,NA,NA,NA,3.9
Linn,2100,Greater Albany Public SD 8J,641,Liberty Elementary School,School,NA,NA,NA,NA,NA,NA,7.3
Linn,2100,Greater Albany Public SD 8J,643,Oak Elementary School,School,NA,NA,8.3,NA,NA,NA,5.3
Linn,2100,Greater Albany Public SD 8J,644,Sunrise Elementary School,School,NA,NA,0.2,NA,NA,NA,4.3
Linn,2100,Greater Albany Public SD 8J,645,South Shore Elementary School,School,NA,NA,4.1,NA,7.2,NA,4.9
Linn,2100,Greater Albany Public SD 8J,646,Tangent Elementary School,School,NA,NA,NA,NA,NA,NA,0.3
Linn,2100,Greater Albany Public SD 8J,647,Takena Elementary School,School,NA,NA,NA,NA,12.3,NA,6.4
Linn,2100,Greater Albany Public SD 8J,648,Waverly Elementary School,School,NA,NA,2,NA,2.7,NA,0.9
Linn,2101,Lebanon Community SD 9,652,Cascades School,School,NA,NA,NA,NA,NA,NA,4.4
Linn,2101,Lebanon Community SD 9,653,Green Acres School,School,NA,NA,2.1,NA,NA,NA,2.6
Marion,2143,North Santiam SD 29J,656,Mari-Linn Elementary School,School,NA,NA,NA,NA,NA,NA,11.4
Linn,2101,Lebanon Community SD 9,658,Hamilton Creek School,School,NA,NA,NA,NA,NA,NA,5.2
Linn,2099,Harrisburg SD 7J,659,Harrisburg Elementary School,School,NA,NA,6.3,NA,NA,NA,5
Linn,2102,Sweet Home SD 55,662,Foster Elementary School,School,NA,NA,NA,NA,NA,NA,6.9
Linn,2102,Sweet Home SD 55,663,Hawthorne Elementary School,School,NA,NA,NA,NA,NA,NA,3.1
Linn,2102,Sweet Home SD 55,664,Holley Elementary School,School,NA,NA,NA,NA,NA,NA,6.4
Linn,2102,Sweet Home SD 55,666,Oak Heights Elementary School,School,NA,NA,NA,NA,NA,NA,4.3
Linn,2101,Lebanon Community SD 9,671,Lacomb School,School,NA,NA,NA,NA,NA,NA,4
Linn,2103,Scio SD 95,676,Centennial Elementary School,School,NA,NA,1.5,NA,NA,NA,4.2
Linn,2104,Santiam Canyon SD 129J,681,Santiam Elementary School,School,NA,NA,NA,NA,NA,NA,4.8
Malheur,2107,Jordan Valley SD 3,691,Jordan Valley Elementary School,School,NA,NA,NA,NA,NA,NA,NA
Malheur,2108,Ontario SD 8C,692,Alameda Elementary School,School,NA,NA,3.8,NA,NA,NA,4.9
Malheur,2108,Ontario SD 8C,693,Cairo Elementary School,School,NA,NA,9.6,NA,NA,NA,NA
Malheur,2108,Ontario SD 8C,694,Aiken Elementary School,School,NA,NA,6.1,NA,NA,NA,6.1
Malheur,2108,Ontario SD 8C,696,May Roberts Elementary School,School,NA,NA,5.7,NA,NA,NA,2.6
Malheur,2108,Ontario SD 8C,697,Pioneer Elementary School,School,NA,NA,1.8,NA,NA,NA,4.3
Malheur,2109,Juntura SD 12,700,Juntura Elementary School,School,NA,NA,NA,NA,NA,NA,NA
Malheur,2116,Vale SD 84,701,Vale Elementary School,School,NA,NA,4.7,NA,NA,NA,6.6
Malheur,2110,Nyssa SD 26,702,Nyssa Elementary School,School,NA,NA,6.8,NA,NA,NA,11.9
Malheur,2111,Annex SD 29,705,Annex Charter School,School,NA,NA,NA,NA,NA,NA,NA
Malheur,2113,Adrian SD 61,707,Adrian Elementary School,School,NA,NA,NA,NA,NA,NA,8.6
Malheur,2115,Arock SD 81,711,W W Jones Elementary School,School,NA,NA,NA,NA,NA,NA,NA
Marion,2138,Silver Falls SD 4J,714,Mark Twain Elementary School,School,NA,NA,1.6,NA,NA,NA,6.3
Marion,2143,North Santiam SD 29J,717,Sublimity Elementary School,School,NA,NA,NA,NA,NA,NA,9.6
Marion,2138,Silver Falls SD 4J,718,Evergreen Elementary School,School,NA,NA,NA,NA,NA,NA,13.4
Marion,2139,Cascade SD 5,719,Aumsville Elementary School,School,NA,NA,2.7,NA,NA,NA,6.1
Marion,2140,Jefferson SD 14J,721,Jefferson Elementary School,School,NA,NA,6.6,NA,NA,NA,7.9
Marion,2142,Salem-Keizer SD 24J,728,Auburn Elementary School,School,NA,NA,1.9,NA,NA,NA,4.5
Marion,2142,Salem-Keizer SD 24J,731,Brush College Elementary School,School,NA,NA,NA,NA,NA,NA,7.6
Marion,2142,Salem-Keizer SD 24J,732,Bush Elementary School,School,NA,NA,2.4,NA,NA,NA,5.4
Marion,2142,Salem-Keizer SD 24J,733,Candalaria Elementary School,School,NA,NA,8,NA,NA,NA,10.7
Marion,2142,Salem-Keizer SD 24J,734,Clear Lake Elementary School,School,NA,NA,2.4,NA,NA,NA,3.9
Marion,2142,Salem-Keizer SD 24J,735,Cummings Elementary School,School,NA,NA,4.9,NA,NA,NA,5
Marion,2142,Salem-Keizer SD 24J,736,Englewood Elementary School,School,NA,NA,1.3,NA,NA,NA,8.4
Marion,2142,Salem-Keizer SD 24J,737,Wright Elementary School,School,NA,NA,7.4,NA,NA,NA,4.1
Marion,2142,Salem-Keizer SD 24J,738,Four Corners Elementary School,School,NA,NA,2.4,NA,NA,NA,5.8
Marion,2142,Salem-Keizer SD 24J,740,Grant Community School,School,NA,NA,4.9,NA,NA,NA,10.2
Marion,2142,Salem-Keizer SD 24J,741,Scott Elementary School,School,NA,NA,2.4,NA,NA,1.1,5.7
Marion,2142,Salem-Keizer SD 24J,743,Highland Elementary School,School,NA,NA,2.5,NA,NA,NA,4.5
Marion,2142,Salem-Keizer SD 24J,744,Hoover Elementary School,School,NA,NA,0.4,NA,NA,NA,2.2
Marion,2142,Salem-Keizer SD 24J,745,Gubser Elementary School,School,NA,NA,3.9,NA,3.1,NA,5.7
Marion,2142,Salem-Keizer SD 24J,746,Kennedy Elementary School,School,NA,NA,2.4,NA,NA,NA,6.7
Marion,2142,Salem-Keizer SD 24J,747,Keizer Elementary School,School,NA,NA,2.4,NA,NA,NA,6.3
Marion,2142,Salem-Keizer SD 24J,749,Liberty Elementary School,School,NA,NA,4.4,NA,NA,NA,7
Marion,2142,Salem-Keizer SD 24J,750,McKinley Elementary School,School,NA,NA,5,NA,NA,NA,8.8
Marion,2142,Salem-Keizer SD 24J,751,Eyre Elementary School,School,NA,NA,1.7,NA,NA,NA,4.1
Marion,2142,Salem-Keizer SD 24J,753,Morningside Elementary School,School,NA,NA,2.1,NA,NA,NA,7.1
Marion,2142,Salem-Keizer SD 24J,754,Myers Elementary School,School,NA,NA,1,NA,NA,NA,8.6
Marion,2142,Salem-Keizer SD 24J,755,Hayesville Elementary School,School,NA,NA,5.4,NA,1,1.9,2
Marion,2142,Salem-Keizer SD 24J,756,Pringle Elementary School,School,14.2,NA,3.3,NA,11.2,NA,7.3
Marion,2142,Salem-Keizer SD 24J,757,Richmond Elementary School,School,NA,NA,1.1,NA,NA,0,2.4
Marion,2142,Salem-Keizer SD 24J,759,Salem Heights Elementary School,School,NA,NA,2.8,NA,NA,NA,5.2
Marion,2142,Salem-Keizer SD 24J,760,Schirle Elementary School,School,NA,NA,7.6,NA,NA,NA,6.9
Marion,2142,Salem-Keizer SD 24J,761,Sumpter Elementary School,School,10,NA,13.8,NA,NA,NA,7.2
Marion,2142,Salem-Keizer SD 24J,762,Swegle Elementary School,School,NA,NA,2.3,NA,NA,NA,1
Marion,2142,Salem-Keizer SD 24J,763,Washington Elementary School,School,NA,NA,2.1,NA,NA,NA,NA
Marion,2142,Salem-Keizer SD 24J,764,Yoshikai Elementary School,School,NA,NA,2.6,NA,NA,NA,3.9
Marion,2137,Gervais SD 1,776,Gervais Elementary School,School,NA,NA,2.7,NA,NA,NA,4.5
Marion,2138,Silver Falls SD 4J,777,Victor Point Elementary School,School,NA,NA,NA,NA,NA,NA,10
Marion,2144,St Paul SD 45,778,St Paul Elementary School,School,NA,NA,2.9,NA,NA,NA,14.1
Marion,2138,Silver Falls SD 4J,784,Bethany Charter School,School,NA,NA,NA,NA,NA,NA,8.2
Marion,2138,Silver Falls SD 4J,785,Scotts Mills Elementary School,School,NA,NA,NA,NA,NA,NA,5.9
Marion,2143,North Santiam SD 29J,788,Stayton Elementary School,School,NA,NA,0.4,NA,NA,NA,4.3
Marion,2139,Cascade SD 5,790,Turner Elementary School,School,NA,NA,6.7,NA,NA,NA,6
Marion,2145,Mt Angel SD 91,793,St Marys Public School,School,NA,NA,2.3,NA,NA,NA,5.3
Marion,2138,Silver Falls SD 4J,795,Silver Crest Elementary School,School,NA,NA,NA,NA,NA,NA,11.1
Marion,2146,Woodburn SD 103,796,Nellie Muir Elementary School,School,NA,NA,2.6,NA,NA,NA,NA
Marion,2146,Woodburn SD 103,797,Washington Elementary School,School,NA,NA,2.9,NA,NA,NA,NA
Marion,2139,Cascade SD 5,806,Cloverdale Elementary School,School,NA,NA,NA,NA,NA,NA,13.7
Marion,2138,Silver Falls SD 4J,807,Central Howell Elementary School,School,NA,NA,NA,NA,NA,NA,8.1
Morrow,2147,Morrow SD 1,813,A C Houghton Elementary School,School,NA,NA,7.7,NA,NA,NA,9.7
Morrow,2147,Morrow SD 1,814,Sam Boardman Elementary School,School,NA,NA,4.9,NA,NA,NA,8.6
Morrow,2147,Morrow SD 1,815,Heppner Elementary School,School,NA,NA,NA,NA,NA,NA,15.4
Multnomah,2180,Portland SD 1J,822,Abernethy Elementary School,School,NA,NA,13.3,NA,14.2,NA,13.5
Multnomah,2180,Portland SD 1J,823,Ainsworth Elementary School,School,16.2,NA,15.2,NA,12.6,NA,13.8
Multnomah,2180,Portland SD 1J,824,Alameda Elementary School,School,NA,NA,NA,NA,9.3,NA,11.9
Multnomah,2180,Portland SD 1J,826,Arleta Elementary School,School,NA,NA,1.2,NA,NA,NA,7.1
Multnomah,2180,Portland SD 1J,827,Astor Elementary School,School,NA,NA,NA,NA,NA,NA,10
Multnomah,2180,Portland SD 1J,828,Atkinson Elementary School,School,NA,NA,3.9,NA,NA,NA,12.2
Multnomah,2180,Portland SD 1J,829,Rosa Parks Elementary School,School,NA,7,6.9,NA,NA,NA,8.9
Multnomah,2180,Portland SD 1J,830,Beach Elementary School,School,NA,NA,6.9,NA,11.6,NA,11.4
Multnomah,2180,Portland SD 1J,833,Boise-Eliot Elementary School,School,NA,6.7,8.7,NA,NA,NA,10.6
Multnomah,2180,Portland SD 1J,834,Bridger Elementary School,School,NA,9,8.6,NA,NA,NA,13.6
Multnomah,2180,Portland SD 1J,835,Bridlemile Elementary School,School,NA,NA,13.2,NA,13.3,NA,10.9
Multnomah,2180,Portland SD 1J,837,Buckman Elementary School,School,NA,NA,13.4,NA,14.1,NA,13.2
Multnomah,2180,Portland SD 1J,838,Capitol Hill Elementary School,School,NA,NA,NA,NA,16.8,NA,12
Multnomah,2180,Portland SD 1J,839,Chapman Elementary School,School,NA,NA,NA,NA,16.3,NA,11.3
Multnomah,2180,Portland SD 1J,840,Chief Joseph Elementary School,School,NA,NA,7.9,NA,9,NA,11
Multnomah,2180,Portland SD 1J,841,Cesar Chavez K-8 School,School,NA,6.6,3.2,NA,NA,NA,12.9
Multnomah,2180,Portland SD 1J,842,Harrison Park School,School,8.5,1.5,5.6,NA,NA,NA,8.4
Multnomah,2180,Portland SD 1J,843,Creston Elementary School,School,NA,NA,NA,NA,NA,NA,12.4
Multnomah,2180,Portland SD 1J,844,Duniway Elementary School,School,NA,NA,19,NA,NA,NA,14.7
Multnomah,2180,Portland SD 1J,847,Faubion Elementary School,School,NA,7.5,4.8,NA,4.3,NA,8.7
Multnomah,2180,Portland SD 1J,850,Glencoe Elementary School,School,NA,NA,NA,NA,11.3,NA,10.8
Multnomah,2180,Portland SD 1J,854,Grout Elementary School,School,NA,NA,6.3,NA,7.5,NA,12.6
Multnomah,2180,Portland SD 1J,855,Hayhurst Elementary School,School,NA,9.2,16.5,NA,10.8,NA,12.2
Multnomah,2180,Portland SD 1J,857,Beverly Cleary School,School,NA,NA,NA,NA,NA,NA,13.5
Multnomah,2180,Portland SD 1J,861,Irvington Elementary School,School,NA,NA,NA,NA,11.8,NA,12.2
Multnomah,2180,Portland SD 1J,862,James John Elementary School,School,NA,NA,6.5,NA,NA,NA,12.3
Multnomah,2180,Portland SD 1J,864,Kelly Elementary School,School,5.5,4.9,5.6,NA,8.7,NA,5.1
Multnomah,2180,Portland SD 1J,866,King Elementary School,School,13.9,7.5,6.7,NA,NA,NA,11.1
Multnomah,2180,Portland SD 1J,868,Laurelhurst Elementary School,School,NA,NA,4.8,NA,12,NA,11.6
Multnomah,2180,Portland SD 1J,869,Lee Elementary School,School,4.3,7.1,NA,NA,5,NA,11.4
Multnomah,2180,Portland SD 1J,870,Lent Elementary School,School,NA,NA,4.3,NA,NA,NA,6.5
Multnomah,2180,Portland SD 1J,871,Lewis Elementary School,School,NA,NA,NA,NA,11.3,NA,12.8
Multnomah,2180,Portland SD 1J,872,Llewellyn Elementary School,School,NA,NA,12.7,NA,NA,NA,11.6
Multnomah,2180,Portland SD 1J,873,Maplewood Elementary School,School,NA,NA,NA,NA,16,NA,12.5
Multnomah,2180,Portland SD 1J,875,Marysville Elementary School,School,NA,NA,3.3,NA,NA,NA,4.8
Multnomah,2180,Portland SD 1J,879,Peninsula Elementary School,School,NA,NA,5.6,NA,NA,NA,10.2
Multnomah,2180,Portland SD 1J,883,Richmond Elementary School,School,12.5,NA,NA,NA,15.1,NA,16.5
Multnomah,2180,Portland SD 1J,884,Rigler Elementary School,School,NA,NA,4,NA,NA,NA,13.6
Multnomah,2180,Portland SD 1J,886,Sabin Elementary School,School,NA,5.2,10.1,NA,3.8,NA,14.2
Multnomah,2180,Portland SD 1J,887,Scott Elementary School,School,NA,4.6,4.1,NA,NA,NA,10.9
Multnomah,2180,Portland SD 1J,889,Sitton Elementary School,School,NA,4.2,4.6,NA,2.8,NA,12.2
Multnomah,2180,Portland SD 1J,890,Skyline Elementary School,School,NA,NA,NA,NA,NA,NA,6.9
Multnomah,2180,Portland SD 1J,892,Stephenson Elementary School,School,NA,NA,NA,NA,NA,NA,12.4
Multnomah,2180,Portland SD 1J,893,Sunnyside Environmental School,School,NA,NA,NA,NA,NA,NA,13.1
Multnomah,2180,Portland SD 1J,895,Vernon Elementary School,School,NA,NA,NA,NA,16.9,NA,14.8
Multnomah,2180,Portland SD 1J,896,Vestal Elementary School,School,3.6,8.4,NA,NA,NA,NA,10.1
Multnomah,2180,Portland SD 1J,900,Whitman Elementary School,School,4,NA,5,NA,NA,NA,8.6
Multnomah,2180,Portland SD 1J,902,Woodlawn Elementary School,School,NA,15.8,13.8,NA,NA,NA,15.9
Multnomah,2180,Portland SD 1J,903,Woodmere Elementary School,School,NA,4.8,4.1,NA,NA,NA,6.2
Multnomah,2180,Portland SD 1J,904,Woodstock Elementary School,School,6.4,NA,12.2,NA,14.7,NA,13.4
Multnomah,2180,Portland SD 1J,916,Metropolitan Learning Center,School,NA,NA,NA,NA,NA,NA,15.1
Multnomah,2181,Parkrose SD 3,925,Prescott Elementary School,School,NA,NA,2.8,NA,NA,NA,10
Multnomah,2181,Parkrose SD 3,926,Russell Elementary School,School,NA,3.7,3.8,NA,NA,NA,4.6
Multnomah,2181,Parkrose SD 3,927,Sacramento Elementary School,School,NA,NA,4.7,NA,NA,NA,8.5
Multnomah,2181,Parkrose SD 3,928,Shaver Elementary School,School,NA,4.7,0.6,NA,4.7,NA,3.2
Multnomah,2183,Gresham-Barlow SD 10J,933,East Gresham Elementary School,School,NA,NA,1.5,NA,4.2,NA,3.7
Multnomah,2183,Gresham-Barlow SD 10J,935,Highland Elementary School,School,NA,5,1,NA,8,NA,5.6
Multnomah,2183,Gresham-Barlow SD 10J,936,Hall Elementary School,School,NA,4.8,3,NA,NA,NA,3.4
Multnomah,2183,Gresham-Barlow SD 10J,937,Hollydale Elementary School,School,NA,NA,2.1,NA,NA,NA,5.1
Multnomah,2183,Gresham-Barlow SD 10J,938,North Gresham Elementary School,School,5.3,NA,4.4,NA,NA,2.7,6.3
Multnomah,2183,Gresham-Barlow SD 10J,939,Powell Valley Elementary School,School,NA,NA,3.4,NA,NA,NA,4.7
Multnomah,2183,Gresham-Barlow SD 10J,940,West Gresham Elementary School,School,NA,NA,7.8,NA,NA,NA,7.3
Multnomah,2183,Gresham-Barlow SD 10J,941,East Orient Elementary School,School,NA,NA,4.3,NA,NA,NA,5
Multnomah,2182,Reynolds SD 7,943,Alder Elementary School,School,0.5,2.5,2.2,NA,3.1,0.3,3.2
Multnomah,2182,Reynolds SD 7,945,Fairview Elementary School,School,NA,NA,0.3,NA,NA,NA,4.4
Multnomah,2182,Reynolds SD 7,946,Glenfair Elementary School,School,5.2,3.8,0.9,NA,NA,NA,3.5
Multnomah,2182,Reynolds SD 7,947,Hartley Elementary School,School,NA,3.7,1.3,NA,4.7,NA,5.1
Multnomah,2182,Reynolds SD 7,948,Margaret Scott Elementary School,School,6.7,9.2,4.5,NA,6.7,NA,8.1
Multnomah,2182,Reynolds SD 7,949,Davis Elementary School,School,NA,4.7,2.1,NA,NA,NA,8.9
Multnomah,2182,Reynolds SD 7,950,Sweetbriar Elementary School,School,NA,NA,2.7,NA,NA,NA,5.7
Multnomah,2182,Reynolds SD 7,951,Troutdale Elementary School,School,NA,NA,2,NA,NA,NA,3.8
Multnomah,2182,Reynolds SD 7,952,Wilkes Elementary School,School,0.5,5.2,2,NA,0,NA,0
Columbia,1944,Scappoose SD 1J,958,Sauvie Island Academy,School,NA,NA,NA,NA,NA,NA,13.9
Multnomah,2185,Centennial SD 28J,959,Lynch Meadows Elementary School,School,NA,NA,2.8,NA,NA,NA,4
Multnomah,2185,Centennial SD 28J,962,Oliver Elementary School,School,NA,NA,3.6,NA,NA,NA,5.6
Multnomah,2185,Centennial SD 28J,963,Parklane Elementary School,School,3.1,5,0.5,NA,4.5,NA,3.1
Multnomah,2185,Centennial SD 28J,964,Lynch View Elementary School,School,0,NA,1.6,NA,NA,NA,4.9
Multnomah,2185,Centennial SD 28J,965,Lynch Wood Elementary School,School,3.8,NA,2.9,NA,NA,NA,2.7
Multnomah,2185,Centennial SD 28J,966,Pleasant Valley Elementary School,School,3.7,NA,3,NA,NA,NA,5.9
Multnomah,2187,David Douglas SD 40,972,Cherry Park Elementary School,School,6,NA,4.1,NA,4.2,NA,12
Multnomah,2187,David Douglas SD 40,973,Gilbert Heights Elementary School,School,3.9,4.3,3.2,NA,8.1,3.2,6.7
Multnomah,2187,David Douglas SD 40,974,Gilbert Park Elementary School,School,1,4.2,2.2,NA,19.8,NA,3.6
Multnomah,2187,David Douglas SD 40,975,Lincoln Park Elementary School,School,5.2,3.1,1.5,NA,NA,NA,3.4
Multnomah,2187,David Douglas SD 40,976,Menlo Park Elementary School,School,NA,4.3,4.8,NA,1.1,NA,6.5
Multnomah,2187,David Douglas SD 40,977,Mill Park Elementary School,School,3.8,7.4,4.5,NA,NA,NA,5.7
Multnomah,2187,David Douglas SD 40,978,Ventura Park Elementary School,School,9.1,11.7,3.8,NA,NA,NA,7.4
Multnomah,2187,David Douglas SD 40,979,West Powellhurst Elementary School,School,2,6.4,4.1,NA,3.9,NA,3.6
Multnomah,2188,Riverdale SD 51J,985,Riverdale Grade School,School,NA,NA,NA,NA,NA,NA,16.4
Polk,2190,Dallas SD 2,989,Lyle Elementary School,School,NA,NA,2.8,NA,NA,NA,7.9
Polk,2190,Dallas SD 2,990,Oakdale Heights Elementary School,School,NA,NA,2.9,NA,NA,NA,7.4
Polk,2191,Central SD 13J,998,Independence Elementary School,School,NA,NA,4.6,NA,NA,NA,5.7
Polk,2191,Central SD 13J,999,Monmouth Elementary School,School,NA,NA,2,NA,NA,NA,5.2
Polk,2193,Falls City SD 57,1005,Falls City Elementary School,School,NA,NA,NA,NA,NA,NA,6.8
Sherman,2195,Sherman County SD,1010,Sherman County School,School,NA,NA,NA,NA,NA,NA,12
Tillamook,2197,Tillamook SD 9,1013,Liberty Elementary School,School,NA,NA,3.8,NA,8.2,NA,6.4
Tillamook,2199,Nestucca Valley SD 101J,1019,Nestucca Valley Elementary School,School,NA,NA,0,NA,NA,NA,6.3
Tillamook,2198,Neah-Kah-Nie SD 56,1020,Garibaldi Elementary School,School,NA,NA,NA,NA,NA,NA,10.4
Tillamook,2198,Neah-Kah-Nie SD 56,1021,Nehalem Elementary School,School,NA,NA,NA,NA,NA,NA,9.2
Umatilla,2202,Pilot Rock SD 2,1027,Pilot Rock Elementary School,School,NA,NA,NA,NA,NA,NA,8.8
Umatilla,2204,Umatilla SD 6R,1032,McNary Heights Elementary School,School,NA,NA,2.2,NA,NA,NA,4.8
Umatilla,2206,Hermiston SD 8,1034,Highland Hills Elementary School,School,NA,NA,2.4,NA,0.6,NA,6
Umatilla,2206,Hermiston SD 8,1036,Rocky Heights Elementary School,School,NA,NA,2.7,NA,9,NA,6.8
Umatilla,2206,Hermiston SD 8,1037,Sunset Elementary School,School,NA,NA,2.9,NA,NA,NA,5.6
Umatilla,2206,Hermiston SD 8,1038,West Park Elementary School,School,NA,NA,2.7,NA,NA,NA,7.2
Umatilla,2208,Athena-Weston SD 29RJ,1053,Athena Elementary School,School,NA,NA,5.9,NA,NA,NA,14.6
Umatilla,2209,Stanfield SD 61,1060,Stanfield Elementary School,School,NA,NA,6.5,NA,NA,NA,4.5
Union,2212,La Grande SD 1,1066,Central Elementary School,School,NA,NA,NA,NA,NA,12.4,10.9
Union,2212,La Grande SD 1,1068,Greenwood Elementary School,School,NA,NA,NA,NA,NA,NA,7
Union,2212,La Grande SD 1,1069,Island City Elementary School,School,NA,NA,NA,NA,NA,NA,10.7
Union,2213,Union SD 5,1074,Union Elementary School,School,NA,NA,NA,NA,NA,NA,8.5
Union,2215,Imbler SD 11,1079,Imbler Charter School,School,NA,NA,NA,NA,NA,NA,8.9
Union,2217,Elgin SD 23,1082,Stella Mayfield Elementary School,School,NA,NA,NA,NA,NA,NA,10.8
Wallowa,2219,Joseph SD 6,1084,Imnaha Elementary School,School,NA,NA,NA,NA,NA,NA,NA
Wallowa,2219,Joseph SD 6,1087,Joseph Charter School,School,NA,NA,NA,NA,NA,NA,10.7
Wallowa,2220,Wallowa SD 12,1088,Wallowa Elementary School,School,NA,NA,NA,NA,NA,NA,9.2
Wallowa,2221,Enterprise SD 21,1090,Enterprise Elementary School,School,NA,NA,NA,NA,NA,NA,12.3
Wasco,4131,North Wasco County SD 21,1093,Chenowith Elementary School,School,NA,NA,2.2,NA,NA,NA,4.2
Wasco,4131,North Wasco County SD 21,1095,Mosier Community School,School,NA,NA,6.7,NA,NA,NA,11.6
Wasco,4131,North Wasco County SD 21,1097,Colonel Wright Elementary School,School,NA,NA,2.5,NA,NA,NA,8.4
Wasco,4131,North Wasco County SD 21,1098,Dry Hollow Elementary School,School,NA,NA,2.8,NA,NA,NA,7.9
Wasco,2225,South Wasco County SD 1,1108,Maupin Elementary School,School,NA,NA,NA,NA,NA,NA,4.9
Washington,2239,Hillsboro SD 1J,1110,Lenox Elementary School,School,17,NA,11.2,NA,11.9,NA,11.5
Washington,2239,Hillsboro SD 1J,1111,West Union Elementary School,School,NA,NA,4,NA,8.2,NA,3.9
Washington,2239,Hillsboro SD 1J,1112,Brookwood Elementary School,School,NA,NA,0.8,NA,NA,NA,9.6
Washington,2239,Hillsboro SD 1J,1114,W Verne McKinney Elementary School,School,NA,NA,1.7,NA,NA,NA,9.8
Washington,2239,Hillsboro SD 1J,1115,Eastwood Elementary School,School,NA,NA,1.1,NA,NA,NA,7.4
Washington,2239,Hillsboro SD 1J,1116,Minter Bridge Elementary School,School,7.3,NA,2.8,NA,5,NA,6.7
Washington,2239,Hillsboro SD 1J,1117,Mooberry Elementary School,School,NA,NA,1.2,NA,6.3,NA,5
Washington,2239,Hillsboro SD 1J,1119,W L Henry Elementary School,School,NA,NA,3,NA,NA,NA,NA
Washington,2240,Banks SD 13,1120,Banks Elementary School,School,NA,NA,1.6,NA,NA,NA,7.5
Washington,2241,Forest Grove SD 15,1128,Cornelius Elementary School,School,NA,NA,7.1,NA,NA,NA,9.9
Washington,2241,Forest Grove SD 15,1129,Dilley Elementary School,School,NA,NA,NA,NA,NA,NA,6.3
Washington,2241,Forest Grove SD 15,1130,Echo Shaw Elementary School,School,NA,NA,9.6,NA,NA,NA,NA
Washington,2241,Forest Grove SD 15,1132,Harvey Clarke Elementary School,School,NA,NA,4.5,NA,NA,NA,8.1
Washington,2241,Forest Grove SD 15,1133,Joseph Gale Elementary School,School,NA,NA,1.7,NA,NA,NA,5.8
Washington,2242,Tigard-Tualatin SD 23J,1135,Bridgeport Elementary School,School,NA,NA,4,NA,2.3,NA,14.2
Washington,2242,Tigard-Tualatin SD 23J,1136,Charles F Tigard Elementary School,School,NA,NA,7.5,NA,4.3,0.9,9.2
Washington,2242,Tigard-Tualatin SD 23J,1137,Mary Woodward Elementary School,School,13.4,NA,2.6,NA,16,NA,13.1
Washington,2242,Tigard-Tualatin SD 23J,1138,Durham Elementary School,School,NA,NA,2,NA,NA,NA,11.9
Washington,2242,Tigard-Tualatin SD 23J,1139,James Templeton Elementary School,School,NA,NA,3,NA,10.7,NA,10.5
Washington,2242,Tigard-Tualatin SD 23J,1140,Metzger Elementary School,School,NA,NA,4,NA,NA,NA,12.9
Washington,2242,Tigard-Tualatin SD 23J,1142,Edward Byrom Elementary School,School,NA,NA,5.2,NA,NA,NA,12.5
Washington,2242,Tigard-Tualatin SD 23J,1143,Tualatin Elementary School,School,NA,NA,0.6,NA,NA,NA,9.1
Washington,2239,Hillsboro SD 1J,1147,Butternut Creek Elementary School,School,NA,NA,9.9,NA,NA,NA,10.6
Washington,2239,Hillsboro SD 1J,1148,Indian Hills Elementary School,School,12.1,NA,3.6,NA,5.1,NA,5.6
Washington,2239,Hillsboro SD 1J,1149,Reedville Elementary School,School,NA,NA,0.8,NA,NA,NA,8.2
Washington,2239,Hillsboro SD 1J,1150,Ladd Acres Elementary School,School,NA,NA,1.7,NA,NA,NA,9.4
Washington,2239,Hillsboro SD 1J,1151,Witch Hazel Elementary School,School,NA,NA,NA,NA,NA,NA,NA
Washington,2239,Hillsboro SD 1J,1152,Groner Elementary School,School,NA,NA,0.2,NA,NA,NA,14.3
Washington,2243,Beaverton SD 48J,1153,Aloha-Huber Park School,School,16.6,10.2,5.3,NA,17,NA,10.4
Washington,2243,Beaverton SD 48J,1154,Barnes Elementary School,School,NA,NA,4.7,NA,NA,NA,8.5
Washington,2243,Beaverton SD 48J,1155,Beaver Acres Elementary School,School,10.8,NA,7.2,NA,10.9,NA,7
Washington,2243,Beaverton SD 48J,1156,Bethany Elementary School,School,18.5,NA,7.2,NA,NA,NA,9.1
Washington,2243,Beaverton SD 48J,1157,Greenway Elementary School,School,NA,NA,1.2,NA,NA,NA,5.7
Washington,2243,Beaverton SD 48J,1158,Cedar Mill Elementary School,School,14.5,NA,9.7,NA,18.3,NA,11
Washington,2243,Beaverton SD 48J,1159,Chehalem Elementary School,School,6.7,NA,2.6,NA,8.6,NA,11.7
Washington,2243,Beaverton SD 48J,1160,Cooper Mountain Elementary School,School,12.8,NA,11,NA,NA,NA,13.3
Washington,2243,Beaverton SD 48J,1161,Errol Hassell Elementary School,School,NA,NA,8.1,NA,8.8,NA,10.1
Washington,2243,Beaverton SD 48J,1162,Elmonica Elementary School,School,18,NA,1.7,NA,11.6,NA,9.1
Washington,2243,Beaverton SD 48J,1163,Fir Grove Elementary School,School,NA,NA,3.3,NA,7.3,NA,13.4
Washington,2243,Beaverton SD 48J,1164,Hazeldale Elementary School,School,8.1,NA,3,NA,NA,NA,8.4
Washington,2243,Beaverton SD 48J,1165,Hiteon Elementary School,School,NA,NA,2.5,NA,4.6,NA,11.6
Washington,2243,Beaverton SD 48J,1166,Kinnaman Elementary School,School,14.7,NA,7,NA,11,NA,9.9
Washington,2243,Beaverton SD 48J,1168,McKay Elementary School,School,NA,NA,2.5,NA,NA,NA,11.6
Washington,2243,Beaverton SD 48J,1169,McKinley Elementary School,School,17.3,11,4.6,NA,NA,NA,8
Washington,2243,Beaverton SD 48J,1170,Montclair Elementary School,School,NA,NA,NA,NA,19.6,NA,15.3
Washington,2243,Beaverton SD 48J,1171,Oak Hills Elementary School,School,16.6,NA,7.8,NA,18.1,NA,16
Washington,2243,Beaverton SD 48J,1172,Raleigh Hills Elementary School,School,NA,NA,2.5,NA,18,NA,14.1
Washington,2243,Beaverton SD 48J,1173,Raleigh Park Elementary School,School,NA,NA,4.8,NA,NA,NA,10.9
Washington,2243,Beaverton SD 48J,1174,Ridgewood Elementary School,School,NA,NA,12.7,NA,NA,NA,9.4
Washington,2243,Beaverton SD 48J,1175,Rock Creek Elementary School,School,12.8,NA,4.9,NA,NA,NA,10.9
Washington,2243,Beaverton SD 48J,1176,Terra Linda Elementary School,School,NA,NA,6.3,NA,6.5,NA,13.3
Washington,2243,Beaverton SD 48J,1177,Vose Elementary School,School,NA,NA,4.1,NA,2.3,NA,8.4
Washington,2243,Beaverton SD 48J,1178,West Tualatin View Elementary School,School,16.8,NA,17.4,NA,NA,NA,14.1
Washington,2243,Beaverton SD 48J,1179,William Walker Elementary School,School,NA,NA,4,NA,9.7,NA,10.5
Washington,2239,Hillsboro SD 1J,1189,Farmington View Elementary School,School,NA,NA,1.5,NA,NA,NA,10.3
Washington,2239,Hillsboro SD 1J,1190,North Plains Elementary School,School,NA,NA,10.6,NA,NA,NA,7.2
Washington,2244,Sherwood SD 88J,1191,J Clyde Hopkins Elementary School,School,NA,NA,6.2,NA,NA,NA,13.5
Washington,2245,Gaston SD 511J,1194,Gaston Elementary School,School,NA,NA,NA,NA,NA,NA,4.5
Wheeler,2248,Fossil SD 21J,1205,Fossil Charter School,School,NA,NA,NA,NA,NA,NA,14.6
Yamhill,2252,Amity SD 4J,1208,Amity Elementary School,School,NA,NA,4.4,NA,NA,NA,8.4
Yamhill,2253,Dayton SD 8,1211,Dayton Grade School,School,NA,NA,0.6,NA,NA,NA,4.1
Yamhill,2251,Yamhill Carlton SD 1,1213,Yamhill Carlton Elementary School,School,NA,NA,10.2,NA,NA,NA,6.1
Yamhill,2254,Newberg SD 29J,1216,Dundee Elementary School,School,NA,NA,NA,NA,NA,NA,11.4
Yamhill,2254,Newberg SD 29J,1217,Edwards Elementary School,School,NA,NA,6.4,NA,2.8,NA,13.4
Yamhill,2254,Newberg SD 29J,1218,Ewing Young Elementary School,School,NA,NA,NA,NA,NA,NA,14.9
Yamhill,2254,Newberg SD 29J,1219,Mabel Rush Elementary School,School,NA,NA,2.6,NA,NA,NA,11.8
Yamhill,2255,Willamina SD 30J,1224,Willamina Elementary School,School,NA,NA,3.8,7.7,8.9,NA,7.6
Yamhill,2256,McMinnville SD 40,1228,Columbus Elementary School,School,NA,NA,3.8,NA,NA,NA,5.5
Yamhill,2256,McMinnville SD 40,1230,Memorial Elementary School,School,NA,NA,6.8,NA,NA,NA,10.8
Yamhill,2256,McMinnville SD 40,1231,Newby Elementary School,School,NA,NA,5.6,NA,NA,NA,9.5
Yamhill,2256,McMinnville SD 40,1232,Wascher Elementary School,School,NA,NA,3.9,NA,NA,NA,5.8
Yamhill,2257,Sheridan SD 48J,1235,Faulconer-Chapman School,School,NA,NA,6.1,NA,NA,NA,2.6
Lane,2082,Eugene SD 4J,1240,Charlemagne French Immersion Elementary School,School,NA,NA,NA,NA,18.4,NA,15.3
Lane,2082,Eugene SD 4J,1241,Buena Vista Elementary School,School,NA,NA,10.2,NA,NA,NA,11.3
Lane,2082,Eugene SD 4J,1242,Corridor Elementary School,School,NA,NA,NA,NA,NA,NA,10
Marion,2142,Salem-Keizer SD 24J,1244,Chapman Hill Elementary School,School,NA,NA,2.5,NA,11.8,NA,6.8
Lane,2082,Eugene SD 4J,1259,Yujin Gakuen Elementary School,School,NA,NA,6.4,NA,10,NA,11.4
Wasco,4131,North Wasco County SD 21,1262,Mid-Columbia Alternative School Based Treatment Center (MAST,School,NA,NA,NA,NA,NA,NA,NA
Clackamas,1924,North Clackamas SD 12,1264,Mount Scott Elementary School,School,9.5,NA,6.2,NA,8,NA,8.4
Deschutes,1976,Bend-LaPine Administrative SD 1,1266,Three Rivers Elementary School,School,NA,NA,NA,NA,18.7,NA,9.1
Marion,2146,Woodburn SD 103,1267,Lincoln Elementary School,School,NA,NA,2.7,NA,NA,NA,8.1
Washington,2243,Beaverton SD 48J,1270,Sexton Mountain Elementary School,School,19.2,NA,7.3,NA,17.3,NA,13.9
Linn,2098,Linn Benton Lincoln ESD,1271,Old Mill Center for Children & Families,School,NA,NA,NA,NA,NA,NA,NA
Clackamas,1922,West Linn-Wilsonville SD 3J,1272,Boeckman Creek Primary School,School,NA,NA,4,NA,8.3,NA,12
Jackson,2025,Southern Oregon ESD,1275,Family Solutions - Grants Pass,School,NA,NA,NA,NA,NA,NA,NA
Multnomah,2180,Portland SD 1J,1278,Markham Elementary School,School,9,9.1,4.3,NA,NA,NA,11.5
Washington,2239,Hillsboro SD 1J,1285,Jackson Elementary School,School,NA,NA,5.3,NA,11.2,NA,12.3
Clackamas,1922,West Linn-Wilsonville SD 3J,1286,Willamette Primary School,School,NA,NA,NA,NA,NA,NA,9.9
Clackamas,1923,Lake Oswego SD 7J,1288,Oak Creek Elementary School,School,12.8,NA,NA,NA,13.2,NA,12.4
Lake,2061,North Lake SD 14,1289,North Lake School,School,NA,NA,NA,NA,NA,NA,4.6
Lane,2091,Junction City SD 69,1297,Territorial Elementary School,School,NA,NA,NA,NA,NA,NA,10.1
Multnomah,2180,Portland SD 1J,1299,Rieke Elementary School,School,NA,NA,NA,NA,NA,NA,14.8
Washington,2239,Hillsboro SD 1J,1302,Tobias Elementary School,School,6.3,NA,3.1,NA,NA,NA,9.7
Washington,2243,Beaverton SD 48J,1303,Nancy Ryles Elementary School,School,12.8,NA,10.1,NA,11.1,NA,15.2
Clackamas,1929,Canby SD 86,1307,Cecile Trost Elementary School,School,NA,NA,2.7,NA,NA,NA,10.6
Deschutes,1976,Bend-LaPine Administrative SD 1,1308,Elk Meadow Elementary School,School,NA,NA,8.7,NA,NA,NA,9.9
Linn,2105,Central Linn SD 552,1311,Central Linn Elementary School,School,NA,NA,NA,NA,NA,NA,5.3
Multnomah,2183,Gresham-Barlow SD 10J,1313,Kelly Creek Elementary School,School,NA,NA,1.5,NA,6,NA,4.9
Deschutes,1976,Bend-LaPine Administrative SD 1,1317,Lava Ridge Elementary School,School,NA,NA,NA,NA,11.7,NA,9.3
Benton,1898,Monroe SD 1J,1321,Monroe Grade School,School,NA,NA,NA,NA,NA,NA,8
Benton,1901,Corvallis SD 509J,1322,Franklin School,School,NA,NA,NA,NA,NA,NA,15.4
Deschutes,1976,Bend-LaPine Administrative SD 1,1324,Amity Creek Elementary School,School,NA,NA,NA,NA,NA,NA,12.3
Washington,2244,Sherwood SD 88J,1334,Archer Glen Elementary School,School,NA,NA,7.6,NA,9,NA,13.3
Yamhill,2254,Newberg SD 29J,1335,Antonia Crater Elementary School,School,NA,NA,11.2,NA,19.6,NA,12.5
Lane,2082,Eugene SD 4J,1339,Family School,School,NA,NA,NA,NA,NA,NA,8.6
Jackson,2048,Medford SD 549C,1350,Abraham Lincoln Elementary School,School,NA,NA,5.7,NA,11,NA,9.3
Josephine,2054,Grants Pass SD 7,1351,Parkside Elementary School,School,NA,NA,5.4,NA,5.7,NA,6.1
Lane,2083,Springfield SD 19,1352,Riverbend Elementary School,School,NA,NA,3.4,NA,NA,NA,5.4
Marion,2146,Woodburn SD 103,1359,Heritage Elementary School,School,NA,NA,2,NA,NA,NA,1.5
Multnomah,2180,Portland SD 1J,1364,Winterhaven School,School,NA,NA,NA,NA,NA,NA,12.5
Multnomah,2182,Reynolds SD 7,1365,Woodland Elementary School,School,NA,NA,2,NA,NA,NA,8.2
Washington,2242,Tigard-Tualatin SD 23J,1369,Deer Creek Elementary School,School,NA,NA,1,NA,11.3,NA,11.3
Washington,2243,Beaverton SD 48J,1370,Findley Elementary School,School,16.1,NA,NA,NA,15.5,NA,13.5
Lane,2082,Eugene SD 4J,1774,Edgewood Community Elementary School,School,NA,NA,5.9,NA,NA,NA,13.4
Lane,2083,Springfield SD 19,1792,Jasper Mountain Center,School,NA,NA,NA,NA,NA,NA,NA
Marion,2336,Oregon Department of Education,1832,Oregon School for the Deaf,School,NA,NA,NA,NA,NA,NA,NA
Clackamas,1902,Clackamas ESD,1902,Clackamas ESD,School,NA,NA,NA,NA,NA,NA,NA
Clackamas,1926,Oregon Trail SD 46,1926,Oregon Trail SD 46   (test administered @ SD),School,NA,NA,NA,NA,NA,NA,0.3
Clackamas,1929,Canby SD 86,1929,Canby SD 86,School,NA,NA,NA,NA,NA,NA,NA
Clackamas,1930,Estacada SD 108,1930,Estacada SD 108   (test administered @ SD),School,NA,NA,NA,NA,NA,NA,NA
Columbia,1948,St Helens SD 502,1948,St Helens SD 502   (test administered @ SD),School,NA,NA,NA,NA,NA,NA,NA
Coos,1964,Coquille SD 8,1964,Coquille SD 8,School,NA,NA,NA,NA,NA,NA,NA
Douglas,1991,Douglas County SD 4,1991,Douglas County SD 4,School,NA,NA,NA,NA,NA,NA,NA
Hood River,2024,Hood River County SD,2024,Hood River County SD,School,NA,NA,NA,NA,NA,NA,NA
Jackson,2041,Ashland SD 5,2041,Ashland SD 5   (test administered @ SD),School,NA,NA,NA,NA,NA,NA,11.6
Jackson,2042,Central Point SD 6,2042,Central Point SD 6,School,NA,NA,NA,NA,NA,NA,18.3
Jackson,2043,Eagle Point SD 9,2043,Eagle Point SD 9   (test administered @ SD),School,NA,NA,NA,NA,NA,NA,NA
Josephine,2054,Grants Pass SD 7,2054,Grants Pass SD 7   (test administered @ SD),School,NA,NA,NA,NA,NA,NA,NA
Klamath,2057,Klamath County SD,2057,Klamath County SD   (test administered @ SD),School,NA,NA,NA,NA,NA,NA,NA
Lane,2083,Springfield SD 19,2083,Springfield SD 19   (test administered @ SD),School,NA,NA,NA,NA,NA,NA,NA
Lane,2088,Bethel SD 52,2088,Bethel SD 52,School,NA,NA,NA,NA,NA,NA,NA
Linn,2100,Greater Albany Public SD 8J,2100,Greater Albany Public SD 8J,School,NA,NA,NA,NA,NA,NA,NA
Malheur,2108,Ontario SD 8C,2108,Ontario SD 8C,School,NA,NA,NA,NA,NA,NA,NA
Multnomah,2180,Portland SD 1J,2180,Portland SD 1J   (test administered @ SD),School,NA,NA,NA,NA,NA,NA,NA
Multnomah,2188,Riverdale SD 51J,2188,Riverdale SD 51J,School,NA,NA,NA,NA,NA,NA,NA
Washington,2241,Forest Grove SD 15,2241,Forest Grove SD 15,School,NA,NA,NA,NA,NA,NA,NA
Washington,2242,Tigard-Tualatin SD 23J,2242,Tigard-Tualatin SD 23J,School,NA,NA,NA,NA,NA,NA,NA
Lane,2088,Bethel SD 52,2264,Meadow View School,School,NA,NA,11.2,NA,5.5,NA,11
Multnomah,2180,Portland SD 1J,2413,Forest Park Elementary School,School,20.3,NA,7.3,NA,17.7,NA,15.4
Clackamas,1924,North Clackamas SD 12,2733,Sojourner School,School,NA,NA,NA,NA,NA,NA,11.1
Washington,2243,Beaverton SD 48J,2781,Scholls Heights Elementary School,School,16.6,NA,1.9,NA,10,NA,13.9
Yamhill,2256,McMinnville SD 40,2784,Grandhaven Elementary School,School,NA,NA,5.2,NA,NA,NA,6.5
Linn,2103,Scio SD 95,2994,Lourdes School,School,NA,NA,NA,NA,NA,NA,NA
Malheur,2107,Jordan Valley SD 3,3132,Rockville Elementary School,School,NA,NA,NA,NA,NA,NA,NA
Marion,2141,North Marion SD 15,3146,North Marion Primary School,School,NA,NA,3.8,NA,NA,NA,7.4
Jackson,2043,Eagle Point SD 9,3147,Lake Creek Learning Center,School,NA,NA,NA,NA,NA,NA,6.4
Washington,2239,Hillsboro SD 1J,3159,Paul L Patterson Elementary School,School,NA,NA,8.7,NA,9.8,NA,11
Washington,2239,Hillsboro SD 1J,3160,Orenco Elementary School,School,16.4,NA,4.9,NA,10.6,NA,10.5
Benton,1900,Philomath SD 17J,3162,Clemens Primary School,School,NA,NA,1.8,NA,NA,NA,7.8
Clackamas,1924,North Clackamas SD 12,3198,Spring Mountain Elementary School,School,11.4,NA,7.1,NA,13.6,NA,7.5
Marion,2142,Salem-Keizer SD 24J,3215,Miller Elementary School,School,NA,NA,1.8,NA,NA,NA,2.8
Deschutes,1976,Bend-LaPine Administrative SD 1,3218,High Lakes Elementary School,School,NA,NA,NA,NA,NA,NA,9.9
Deschutes,1976,Bend-LaPine Administrative SD 1,3219,Highland School at Kenwood Elementary School,School,NA,NA,NA,NA,NA,NA,14
Deschutes,1976,Bend-LaPine Administrative SD 1,3221,Westside Village Magnet School at Kingston Elementary School,School,NA,NA,NA,NA,NA,NA,8.7
Washington,2244,Sherwood SD 88J,3222,Middleton Elementary School,School,NA,NA,NA,NA,NA,NA,12.3
Lane,2082,Eugene SD 4J,3229,Village School,School,NA,NA,NA,NA,NA,NA,13.4
Lane,2082,Eugene SD 4J,3233,Ridgeline Montessori,School,NA,NA,NA,NA,NA,NA,15.2
Clackamas,1924,North Clackamas SD 12,3342,Oak Grove Elementary School,School,NA,NA,NA,NA,4,NA,6.7
Baker,1896,Burnt River SD 30J,3347,Burnt River School,School,NA,NA,NA,NA,NA,NA,NA
Douglas,1993,Douglas County SD 15,3348,Days Creek Charter School,School,NA,NA,NA,NA,NA,NA,4.6
Grant,2009,Prairie City SD 4,3349,Prairie City School,School,NA,NA,NA,NA,NA,NA,13.1
Grant,2010,Monument SD 8,3350,Monument School,School,NA,NA,NA,NA,NA,NA,NA
Baker,1895,Huntington SD 16J,3351,Huntington School,School,NA,NA,NA,NA,NA,NA,8.8
Clatsop,1934,Jewell SD 8,3352,Jewell School,School,NA,NA,NA,NA,NA,NA,8.1
Grant,2011,Dayville SD 16J,3353,Dayville School,School,NA,NA,NA,NA,NA,NA,NA
Jackson,2045,Prospect SD 59,3356,Prospect Charter School,School,NA,NA,NA,NA,NA,NA,8.9
Lake,2060,Paisley SD 11,3360,Paisley School,School,NA,NA,NA,NA,NA,NA,18.1
Lincoln,2097,Lincoln County SD,3361,Eddyville Charter School,School,NA,NA,NA,NA,NA,NA,9.6
Malheur,2114,Harper SD 66,3362,Harper Charter School,School,NA,NA,NA,NA,NA,NA,5.2
Morrow,3997,Ione SD R2,3363,Ione Community Charter School,School,NA,NA,NA,NA,NA,NA,NA
Umatilla,2201,Helix SD 1,3364,Helix School,School,NA,NA,NA,NA,NA,NA,10.7
Union,2214,North Powder SD 8J,3365,North Powder Charter School,School,NA,NA,NA,NA,NA,NA,11.7
Grant,2012,Long Creek SD 17,3366,Long Creek School,School,NA,NA,NA,NA,NA,NA,NA
Hood River,2024,Hood River County SD,3372,Cascade Locks School,School,NA,NA,NA,NA,NA,NA,1.1
Marion,2142,Salem-Keizer SD 24J,3374,Weddle Elementary School,School,NA,NA,1.1,NA,NA,NA,7
Marion,2142,Salem-Keizer SD 24J,3375,Lamb Elementary School,School,NA,NA,1.8,NA,NA,NA,9.7
Marion,2142,Salem-Keizer SD 24J,3376,Hammond Elementary School,School,NA,NA,0.8,NA,NA,NA,6.1
Marion,2142,Salem-Keizer SD 24J,3377,Hallman Elementary School,School,NA,NA,2.6,NA,NA,NA,4.5
Polk,2192,Perrydale SD 21,3378,Perrydale School,School,NA,NA,NA,NA,NA,NA,7.1
Douglas,1995,Camas Valley SD 21J,3400,Camas Valley School,School,NA,NA,NA,NA,NA,NA,5.4
Lane,2095,Blachly SD 90,3401,Triangle Lake Charter School,School,NA,NA,NA,NA,NA,NA,6.4
Wasco,2229,Dufur SD 29,3402,Dufur School,School,NA,NA,NA,NA,NA,NA,14
Wheeler,2247,Spray SD 1,3403,Spray School,School,NA,NA,NA,NA,NA,NA,NA
Wheeler,2249,Mitchel SD 55,3404,Mitchell School,School,NA,NA,NA,NA,NA,NA,NA
Umatilla,2206,Hermiston SD 8,3426,Desert View Elementary School,School,NA,NA,0.1,NA,NA,NA,6
Umatilla,2210,Ukiah SD 80R,3432,Ukiah School,School,NA,NA,NA,NA,NA,NA,NA
Umatilla,2203,Echo SD 5,3433,Echo School,School,NA,NA,NA,NA,NA,NA,9.9
Union,2216,Cove SD 15,3434,Cove Charter School,School,NA,NA,NA,NA,NA,NA,6.8
Washington,2243,Beaverton SD 48J,3437,Jacob Wismer Elementary School,School,21,NA,12,NA,NA,NA,13.6
Benton,1900,Philomath SD 17J,3440,Kings Valley Charter School,School,NA,NA,NA,NA,NA,NA,4.4
Multnomah,2180,Portland SD 1J,3451,Opal School of the Portland Childrens Museum,School,NA,NA,NA,NA,NA,NA,7.5
Clackamas,1922,West Linn-Wilsonville SD 3J,3455,Bolton Primary School,School,NA,NA,NA,NA,NA,NA,9.6
Jefferson,2053,Jefferson County SD 509J,3458,Big Muddy Elementary School,School,NA,NA,NA,NA,NA,NA,NA
Polk,2190,Dallas SD 2,3461,Luckiamute Valley Charter School,School,NA,NA,NA,NA,NA,NA,4.3
Polk,2191,Central SD 13J,3464,Ash Creek Elementary School,School,NA,NA,5.7,NA,14.1,NA,8.1
Multnomah,2182,Reynolds SD 7,3490,Multisensory Learning Academy,School,NA,NA,7.4,NA,NA,NA,8.5
Linn,2101,Lebanon Community SD 9,3503,Riverview School,School,NA,NA,2,NA,6.5,NA,3.6
Linn,2101,Lebanon Community SD 9,3504,Pioneer School,School,NA,NA,1,NA,NA,NA,1.7
Linn,2101,Lebanon Community SD 9,3505,Sand Ridge Charter School,School,NA,NA,10,NA,NA,NA,9
Multnomah,2187,David Douglas SD 40,3525,Earl Boyles Elementary School,School,17.4,0.5,16.7,NA,16.7,NA,12.8
Marion,2142,Salem-Keizer SD 24J,3526,Lee Elementary School,School,NA,NA,3.3,NA,NA,NA,5.3
Marion,2142,Salem-Keizer SD 24J,3529,Forest Ridge Elementary School,School,NA,NA,4.2,NA,NA,NA,8.5
Washington,2239,Hillsboro SD 1J,3536,Imlay Elementary School,School,19.2,NA,2.9,NA,NA,NA,9.9
Multnomah,2183,Gresham-Barlow SD 10J,3543,Hogan Cedars Elementary School,School,NA,NA,2,NA,11.3,NA,4.7
Lane,2088,Bethel SD 52,3567,Prairie Mountain School,School,NA,NA,4.1,NA,NA,NA,10.1
Columbia,1948,St Helens SD 502,3569,Lewis & Clark Elementary School,School,NA,NA,4.1,NA,6.1,NA,10.1
Washington,2242,Tigard-Tualatin SD 23J,3579,Multi-sensory Instruction Teaching Children Hands-On (MITCH),School,NA,NA,12,NA,NA,NA,14.5
Multnomah,2187,David Douglas SD 40,3580,Arthur Academy,School,NA,NA,NA,NA,NA,NA,6.6
Coos,1965,Coos Bay SD 9,3615,Lighthouse Charter School,School,NA,NA,NA,NA,NA,NA,10.6
Multnomah,2180,Portland SD 1J,3616,Trillium,School,NA,NA,NA,NA,NA,NA,NA
Douglas,2002,Winston-Dillard SD 116,3624,Brockway Elementary School,School,NA,NA,0.7,NA,7.8,NA,5.3
Multnomah,2185,Centennial SD 28J,3649,Butler Creek Elementary School,School,6.2,NA,4,NA,NA,NA,6.8
Clackamas,1922,West Linn-Wilsonville SD 3J,3913,Boones Ferry Primary School,School,NA,NA,7.4,NA,15.2,NA,10.9
Deschutes,1976,Bend-LaPine Administrative SD 1,3947,Pine Ridge Elementary School,School,NA,NA,10.8,NA,NA,NA,15.2
Washington,2241,Forest Grove SD 15,3986,Fern Hill Elementary School,School,NA,NA,2,NA,NA,NA,5.2
Multnomah,2182,Reynolds SD 7,3989,Salish Ponds Elementary School,School,NA,3.6,2.3,NA,4.2,NA,5
Multnomah,2180,Portland SD 1J,3991,Emerson School,School,NA,NA,NA,NA,NA,NA,11.6
Clackamas,1924,North Clackamas SD 12,4005,El Puente,School,NA,NA,6.6,NA,NA,NA,12.2
Jackson,2043,Eagle Point SD 9,4020,Eagle Rock Elementary School,School,NA,NA,4.5,NA,NA,NA,6.9
Lincoln,2097,Lincoln County SD,4038,Siletz Valley Schools,School,NA,NA,NA,NA,NA,NA,7
Marion,2336,Oregon Department of Education,4040,Four Rivers Community School,School,NA,NA,10.6,NA,NA,NA,NA
Marion,2142,Salem-Keizer SD 24J,4068,Harritt Elementary School,School,NA,NA,1.2,NA,2.5,NA,5.9
Coos,1965,Coos Bay SD 9,4079,Resource Link Charter School,School,NA,NA,NA,NA,NA,NA,NA
Deschutes,1976,Bend-LaPine Administrative SD 1,4129,Ensworth Elementary School,School,NA,NA,NA,NA,NA,NA,5.6
Lane,2082,Eugene SD 4J,4146,Cesar Chavez Elementary School,School,NA,NA,4.2,NA,4.7,NA,7.2
Lane,2082,Eugene SD 4J,4157,Holt Elementary School,School,NA,NA,5.5,NA,8.2,NA,7.2
Washington,2239,Hillsboro SD 1J,4206,City View Charter School,School,NA,NA,NA,NA,NA,NA,9.4
Multnomah,2182,Reynolds SD 7,4216,Reynolds Arthur Academy,School,NA,NA,NA,NA,NA,NA,10.9
Washington,2244,Sherwood SD 88J,4220,Sherwood Charter School,School,NA,NA,NA,NA,NA,NA,15.2
Columbia,1944,Scappoose SD 1J,4221,South Columbia Family School,School,NA,NA,NA,NA,NA,NA,14.4
Marion,2146,Woodburn SD 103,4230,Woodburn Arthur Academy,School,NA,NA,0.9,NA,NA,NA,3.4
Yamhill,2254,Newberg SD 29J,4342,Joan Austin Elementary School,School,NA,NA,10.4,NA,NA,NA,8.5
Washington,2242,Tigard-Tualatin SD 23J,4364,Alberta Rider Elementary School,School,9.1,NA,4.1,NA,9.5,NA,13.7
Marion,2142,Salem-Keizer SD 24J,4390,Valley Inquiry Charter School,School,NA,NA,2.3,NA,8,NA,5.1
Linn,2104,Santiam Canyon SD 129J,4399,Oregon Connections Academy,School,NA,16.8,7.3,NA,15.4,NA,9.8
Multnomah,2180,Portland SD 1J,4400,Portland Arthur Academy Charter School,School,NA,NA,NA,NA,NA,NA,10.7
Clackamas,1929,Canby SD 86,4435,Philander Lee Elementary School,School,NA,NA,2.3,NA,NA,NA,7.5
Clackamas,1924,North Clackamas SD 12,4475,Cascade Heights Public Charter School,School,NA,NA,NA,NA,NA,NA,10.3
Jackson,2041,Ashland SD 5,4476,John Muir Elementary School,School,NA,NA,NA,NA,NA,NA,6.1
Clackamas,1928,Oregon City SD 62,4480,Springwater Environmental Sciences School,School,NA,NA,NA,NA,NA,NA,12.7
Linn,2102,Sweet Home SD 55,4484,Sweet Home Charter School,School,NA,NA,NA,NA,NA,NA,6.2
Multnomah,2180,Portland SD 1J,4534,Portland Village School,School,NA,NA,NA,NA,NA,NA,10.5
Lane,2087,South Lane SD 45J3,4555,Academy for Character Education,School,NA,NA,NA,NA,NA,NA,NA
Klamath,2057,Klamath County SD,4581,Sage Community School,School,NA,NA,NA,NA,NA,NA,NA
Clackamas,1928,Oregon City SD 62,4585,Alliance Charter Academy,School,NA,NA,NA,NA,NA,NA,12.7
Multnomah,2186,Corbett SD 39,4592,Corbett School,School,NA,NA,NA,NA,NA,NA,12.7
Jackson,2048,Medford SD 549C,4593,Madrone Trail Public Charter School,School,NA,NA,NA,NA,NA,NA,11.2
Multnomah,2183,Gresham-Barlow SD 10J,4601,Gresham Arthur Academy,School,NA,NA,NA,NA,NA,NA,9
Columbia,1948,St Helens SD 502,4602,St Helens Arthur Academy,School,NA,NA,NA,NA,NA,NA,11.3
Marion,2336,Oregon Department of Education,4604,Southwest Charter School,School,NA,NA,NA,NA,NA,NA,14.6
Benton,1901,Corvallis SD 509J,4637,Inavale Community Partners dba Muddy Creek Charter School,School,NA,NA,NA,NA,NA,NA,10.5
Yamhill,2256,McMinnville SD 40,4639,Sue Buel Elementary School,School,NA,NA,2.1,NA,NA,NA,3.7
Multnomah,2180,Portland SD 1J,4640,Creative Science School,School,NA,NA,NA,NA,16,NA,12.3
Washington,2239,Hillsboro SD 1J,4641,Free Orchards Elementary School,School,NA,NA,0.8,NA,NA,NA,9.7
Washington,2239,Hillsboro SD 1J,4642,Lincoln Street Elementary School,School,NA,NA,2.4,NA,NA,NA,9.3
Washington,2239,Hillsboro SD 1J,4643,Quatama Elementary School,School,8.7,NA,5.1,NA,11.2,NA,10.6
Deschutes,1976,Bend-LaPine Administrative SD 1,4646,Ponderosa Elementary School,School,NA,NA,2.2,NA,NA,NA,10.7
Multnomah,2183,Gresham-Barlow SD 10J,4667,Lewis and Clark Montessori Charter School,School,NA,NA,NA,NA,NA,NA,14.7
Clackamas,1930,Estacada SD 108,4670,Summit Learning Charter,School,NA,NA,NA,NA,NA,NA,14.6
Washington,2243,Beaverton SD 48J,4671,Bonny Slope Elementary School,School,15.5,NA,9.9,NA,11.1,NA,10.1
Deschutes,1976,Bend-LaPine Administrative SD 1,4680,William E Miller Elementary School,School,NA,NA,NA,NA,NA,NA,14.6
Coos,1966,North Bend SD 13,4690,Oregon Virtual Academy,School,NA,NA,6.8,NA,8.8,NA,8.2
Harney,2020,Frenchglen SD 16,4702,Silvies River Charter School,School,NA,NA,NA,NA,NA,NA,16.7
Washington,2239,Hillsboro SD 1J,4703,Rosedale Elementary School,School,NA,NA,1.7,NA,NA,NA,9
Washington,2243,Beaverton SD 48J,4712,Springville K-8 School,School,21.3,NA,12,NA,NA,NA,14
Clackamas,1924,North Clackamas SD 12,4713,Scouters Mountain Elementary School,School,12.7,NA,NA,NA,12,NA,9.9
Clackamas,1924,North Clackamas SD 12,4714,Verne A Duncan Elementary School,School,NA,NA,3.5,NA,6.2,NA,10.7
Clackamas,1931,Gladstone SD 115,4719,Gladstone Center for Children and Families,School,NA,NA,3.8,NA,5,NA,6.7
Baker,1894,Baker SD 5J,4728,Baker Web Academy,School,NA,NA,18,NA,15.2,NA,14.2
Washington,2244,Sherwood SD 88J,4730,Edy Ridge Elementary School,School,NA,NA,8.7,NA,9.4,NA,15.9
Lane,2082,Eugene SD 4J,4739,Camas Ridge Community Elementary  School,School,NA,NA,NA,NA,NA,NA,11.5
Multnomah,2183,Gresham-Barlow SD 10J,4740,Metro East Web Academy,School,NA,NA,NA,NA,NA,NA,NA
Clackamas,1925,Molalla River SD 35,4745,Molalla River Academy,School,NA,NA,NA,NA,NA,NA,9.8
Marion,2138,Silver Falls SD 4J,4746,The Community Roots School,School,NA,NA,NA,NA,NA,NA,15.7
Clackamas,1924,North Clackamas SD 12,4762,Ardenwald Elementary School,School,NA,NA,NA,NA,9.3,NA,9.5
Clackamas,1924,North Clackamas SD 12,4763,Happy Valley Elementary School,School,10.8,NA,NA,NA,NA,NA,12.1
Clackamas,1924,North Clackamas SD 12,4764,Lewelling Elementary School,School,NA,NA,1.8,NA,NA,NA,6.9
Clackamas,1924,North Clackamas SD 12,4765,Linwood Elementary School,School,NA,NA,5.6,NA,NA,NA,6.1
Clackamas,1924,North Clackamas SD 12,4766,Oregon Trail Elementary School,School,7,NA,5.2,NA,12,NA,10.1
Deschutes,1976,Bend-LaPine Administrative SD 1,4793,Rosland Elementary School,School,NA,NA,NA,NA,NA,NA,3.1
Washington,2243,Beaverton SD 48J,4805,Arco Iris Spanish Immersion School,School,NA,NA,9.5,NA,11.2,NA,15.8
Clackamas,1926,Oregon Trail SD 46,4820,Oregon Trail  Academy,School,NA,NA,NA,NA,NA,NA,14.8
Jackson,2048,Medford SD 549C,4821,Logos Public Charter School,School,NA,NA,NA,NA,NA,NA,14.5
Multnomah,2182,Reynolds SD 7,4822,KNOVA Reynolds Public Charter School,School,NA,7.7,5.3,NA,NA,NA,9.5
Josephine,2055,Three Rivers/Josephine County SD,4823,Sunny Wolf Charter School,School,NA,NA,NA,NA,NA,NA,2.6
Yamhill,2257,Sheridan SD 48J,4833,Sheridan AllPrep Academy,School,NA,NA,NA,NA,NA,NA,NA
Umatilla,2200,InterMountain ESD,4846,Lifeways Inc.,School,NA,NA,NA,NA,NA,NA,NA
Marion,2336,Oregon Department of Education,4850,Eagle Charter School,School,NA,NA,NA,NA,NA,NA,6.5
Jackson,2044,Rogue River SD 35,4856,Rivers Edge Academy Charter School,School,NA,NA,NA,NA,NA,NA,4.7
Marion,2142,Salem-Keizer SD 24J,4858,Kalapuya Elementary School,School,NA,NA,NA,NA,NA,NA,NA
Washington,2243,Beaverton SD 48J,4867,Hope Chinese Charter School,School,16.9,NA,NA,NA,14.1,NA,10.8
Washington,2239,Hillsboro SD 1J,4973,Hillsboro Online Academy,School,NA,NA,NA,NA,NA,NA,NA
Clackamas,1922,West Linn-Wilsonville SD 3J,5056,Lowrie Primary School,School,NA,NA,4.8,NA,15.9,NA,13
Clackamas,1922,West Linn-Wilsonville SD 3J,5057,Trillium Creek Primary School,School,NA,NA,NA,NA,12.4,NA,12.6
Lane,2083,Springfield SD 19,5059,Two Rivers Dos Rios Elementary  School,School,NA,NA,1.6,NA,NA,NA,4.2
Multnomah,2180,Portland SD 1J,5060,Le Monde French Immersion Public Charter School,School,NA,NA,NA,NA,19.2,NA,14.9
Marion,2142,Salem-Keizer SD 24J,5064,Cesar E Chavez Elementary School,School,NA,NA,1.6,NA,NA,0,5.2
Marion,2142,Salem-Keizer SD 24J,5066,Battle Creek Elementary School,School,NA,NA,5.8,NA,11.4,NA,7.8
Jackson,2048,Medford SD 549C,5205,Kids Unlimited Academy,School,NA,NA,4.4,NA,NA,NA,13.2
Multnomah,2180,Portland SD 1J,5218,Kairos PDX,School,NA,9.7,NA,NA,NA,NA,11.9
Jackson,2043,Eagle Point SD 9,5251,Crater Lake Charter Academy,School,NA,NA,NA,NA,NA,NA,1.6
Lane,2092,Lowell SD 71,5252,Mountain View Academy,School,NA,NA,NA,NA,NA,NA,11.4
Umatilla,2207,Pendleton SD 16,5287,Pendleton Early Learning Center,School,NA,NA,5.5,3.9,6.9,NA,8.8
Deschutes,1976,Bend-LaPine Administrative SD 1,5293,Silver Rail Elementary School,School,NA,NA,2.7,NA,NA,NA,10.4
Polk,2190,Dallas SD 2,5298,Dallas Community Charter,School,NA,NA,NA,NA,NA,NA,13.3
Crook,1970,Crook County SD,5302,Barnes Butte Elementary School,School,NA,NA,2.9,NA,6.6,NA,9.2
Deschutes,1976,Bend-LaPine Administrative SD 1,5309,Bend International School,School,NA,NA,NA,NA,NA,NA,13
Deschutes,1977,Redmond SD 2J,5340,Redmond Early Learning Center,School,NA,NA,4.5,NA,8.8,NA,8.3
Lane,2092,Lowell SD 71,5349,Bridge Charter Academy,School,NA,NA,NA,NA,NA,NA,15.8
Washington,2243,Beaverton SD 48J,5382,Sato Elementary School,School,20.8,NA,3.7,NA,15.2,NA,12.8
Deschutes,1976,Bend-LaPine Administrative SD 1,5384,Desert Sky Montessori,School,NA,NA,NA,NA,NA,NA,9.3
Clatsop,1935,Seaside SD 10,5385,Cannon Beach Academy,School,NA,NA,NA,NA,NA,NA,NA
Lane,2082,Eugene SD 4J,5408,Chinese Language Immersion School,School,NA,NA,NA,NA,NA,NA,9.3
Multnomah,2180,Portland SD 1J,5427,Rose City Park,School,7.4,NA,10.3,NA,9.7,NA,8.1
Morrow,2147,Morrow SD 1,5433,Morrow Education Center,School,NA,NA,NA,NA,NA,NA,NA
Umatilla,2205,Milton-Freewater Unified SD 7,5434,Gib Olinger Elementary,School,NA,NA,2.1,NA,NA,NA,5.8
Wheeler,2249,Mitchel SD 55,5440,Cascade Virtual Academy,School,NA,NA,NA,NA,NA,NA,NA
Harney,2015,Harney County SD 4,5446,Oregon Family School,School,NA,NA,NA,NA,NA,NA,12.9
