pupil,class,extrav,sex,texp,popular,popteach
1,1,5,girl,24,6.3,6
2,1,7,boy,24,4.9,5
3,1,4,girl,24,5.3,6
4,1,3,girl,24,4.7,5
5,1,5,girl,24,6,6
6,1,4,boy,24,4.7,5
7,1,5,boy,24,5.9,5
8,1,4,boy,24,4.2,5
9,1,5,boy,24,5.2,5
10,1,5,boy,24,3.9,3
11,1,5,girl,24,5.7,5
12,1,5,girl,24,4.8,5
13,1,5,boy,24,5,5
14,1,5,girl,24,5.5,6
15,1,5,girl,24,6,5
16,1,6,girl,24,5.7,5
17,1,4,boy,24,3.2,2
18,1,4,boy,24,3.1,3
19,1,7,girl,24,6.6,7
20,1,4,boy,24,4.8,4
1,2,8,girl,14,6.4,6
2,2,4,boy,14,2.4,3
3,2,6,boy,14,3.7,4
4,2,5,girl,14,4.4,4
5,2,5,girl,14,4.3,4
6,2,5,boy,14,4,4
7,2,4,girl,14,3.8,5
8,2,5,boy,14,4.2,5
9,2,6,girl,14,5.1,4
10,2,4,girl,14,4.1,4
11,2,6,girl,14,4.6,5
12,2,4,boy,14,4.9,3
13,2,4,boy,14,3.1,4
14,2,3,boy,14,3.2,3
15,2,6,boy,14,4.4,5
16,2,5,girl,14,3.7,4
17,2,5,girl,14,6.1,6
18,2,3,girl,14,3.5,5
19,2,4,boy,14,2.9,3
20,2,5,boy,14,3.3,3
1,3,5,boy,13,4.2,4
2,3,5,girl,13,6,6
3,3,4,girl,13,4.6,5
4,3,4,girl,13,4.9,4
5,3,6,boy,13,4.7,3
6,3,5,girl,13,4.8,4
7,3,5,boy,13,2.8,3
8,3,7,girl,13,6.7,5
9,3,4,girl,13,4.9,5
10,3,7,girl,13,6.3,6
11,3,6,girl,13,5.6,6
12,3,4,girl,13,3.1,3
13,3,5,girl,13,3.5,4
14,3,4,girl,13,4.7,5
15,3,6,boy,13,4.3,4
16,3,7,boy,13,4.9,5
17,3,6,girl,13,5.9,6
18,3,4,boy,13,2.6,2
1,4,3,girl,20,4.1,4
2,4,2,girl,20,5.3,5
3,4,5,girl,20,6.1,7
4,4,6,girl,20,6,6
5,4,6,girl,20,6.3,7
6,4,3,boy,20,4,5
7,4,6,boy,20,5.3,7
8,4,4,boy,20,5.6,6
9,4,5,boy,20,5.2,6
10,4,6,girl,20,6.2,7
11,4,6,boy,20,6.1,5
12,4,4,boy,20,3.9,4
13,4,3,boy,20,4.8,4
14,4,5,boy,20,5.8,5
15,4,6,boy,20,4.9,6
16,4,5,girl,20,6.6,7
17,4,4,girl,20,5.6,6
18,4,5,boy,20,4.5,5
19,4,4,boy,20,5.4,6
20,4,6,boy,20,4.9,5
21,4,4,boy,20,5.4,4
22,4,5,girl,20,6.7,7
23,4,7,boy,20,6.3,6
1,5,7,boy,5,4.2,5
2,5,4,girl,5,4,4
3,5,5,boy,5,4.7,5
4,5,4,girl,5,4.7,5
5,5,6,boy,5,5.2,4
6,5,7,boy,5,5.8,5
7,5,6,boy,5,4.4,6
8,5,4,girl,5,3.8,5
9,5,6,girl,5,5.9,5
10,5,8,boy,5,7,7
11,5,7,girl,5,7.3,6
12,5,6,girl,5,5.6,6
13,5,7,boy,5,5.6,6
14,5,6,girl,5,6.3,7
15,5,6,boy,5,4.2,4
16,5,5,girl,5,4.6,5
17,5,6,girl,5,6.1,5
18,5,6,boy,5,5,5
19,5,6,girl,5,5.8,5
20,5,5,boy,5,5.5,6
21,5,6,boy,5,5.3,5
1,6,4,boy,8,4.1,4
2,6,6,girl,8,5.8,6
3,6,5,girl,8,4.2,4
4,6,5,girl,8,3.9,4
5,6,4,girl,8,5,4
6,6,4,girl,8,4.4,4
7,6,6,boy,8,4.3,5
8,6,5,boy,8,3.3,4
9,6,4,girl,8,3.1,4
10,6,7,girl,8,6.4,7
11,6,5,boy,8,3.5,3
12,6,6,girl,8,5.9,5
13,6,5,girl,8,4.2,5
14,6,3,boy,8,3.5,3
15,6,4,girl,8,4.6,5
16,6,6,boy,8,5.1,5
17,6,5,boy,8,4.2,3
18,6,7,boy,8,4.9,5
19,6,5,boy,8,3.6,4
20,6,4,boy,8,2.7,3
1,7,6,girl,17,5.8,5
2,7,4,girl,17,4.8,4
3,7,4,boy,17,4.4,4
4,7,4,boy,17,1.7,2
5,7,4,boy,17,3.6,3
6,7,5,girl,17,3.8,4
7,7,4,boy,17,4.1,3
8,7,5,girl,17,5.7,6
9,7,6,boy,17,2.9,4
10,7,5,girl,17,4.9,6
11,7,5,boy,17,5.1,4
12,7,6,boy,17,4,3
13,7,4,boy,17,3,4
14,7,4,girl,17,4.7,5
15,7,7,boy,17,2.8,4
16,7,5,boy,17,3.7,4
17,7,6,girl,17,5.1,5
18,7,5,boy,17,3.5,3
19,7,5,girl,17,4.7,4
20,7,7,girl,17,6,6
21,7,5,boy,17,4,5
1,8,6,girl,12,6.1,6
2,8,5,boy,12,3.2,3
3,8,4,girl,12,3.3,3
4,8,7,girl,12,5,5
5,8,6,boy,12,4.2,5
6,8,7,girl,12,5.6,5
7,8,6,boy,12,3.9,3
8,8,5,girl,12,4.5,4
9,8,6,boy,12,2.2,3
10,8,5,girl,12,4.2,4
11,8,4,boy,12,1.5,2
12,8,5,boy,12,3.2,3
13,8,5,boy,12,2.7,3
14,8,5,girl,12,4.1,4
15,8,7,boy,12,4.8,4
16,8,5,boy,12,3.5,3
17,8,5,girl,12,3.6,4
18,8,7,girl,12,5.5,5
19,8,6,girl,12,4.8,5
20,8,5,girl,12,3.5,2
1,9,6,boy,9,5.2,5
2,9,5,girl,9,6,5
3,9,5,girl,9,5.1,5
4,9,6,girl,9,5.3,6
5,9,6,girl,9,6.7,7
6,9,5,boy,9,3.6,4
7,9,5,boy,9,3.5,4
8,9,5,boy,9,3.9,4
9,9,5,boy,9,4.3,5
10,9,5,boy,9,4,4
11,9,3,boy,9,4.6,4
12,9,4,girl,9,4.5,4
13,9,4,boy,9,3.6,4
14,9,5,boy,9,2.6,3
15,9,4,boy,9,3.9,5
16,9,6,boy,9,5,5
17,9,6,girl,9,4.5,6
18,9,7,girl,9,7.3,6
19,9,6,girl,9,6.7,7
20,9,4,boy,9,2.9,4
1,10,5,boy,21,5.4,5
2,10,6,girl,21,6.3,5
3,10,5,boy,21,3.4,3
4,10,4,girl,21,4.9,5
5,10,5,boy,21,5.1,7
6,10,6,girl,21,7,6
7,10,5,boy,21,5.4,4
8,10,5,boy,21,4.9,4
9,10,6,girl,21,6.6,6
10,10,5,girl,21,5.8,6
11,10,6,boy,21,4.4,6
12,10,6,boy,21,4.9,5
13,10,7,girl,21,6,6
14,10,6,boy,21,4.8,3
15,10,3,boy,21,3.6,3
16,10,5,boy,21,5,6
17,10,3,boy,21,5.5,5
18,10,6,boy,21,5,4
19,10,3,girl,21,5.2,5
20,10,6,girl,21,5.4,7
21,10,4,girl,21,6,6
22,10,6,girl,21,5.7,6
23,10,4,girl,21,6.1,5
24,10,5,girl,21,5.2,5
1,11,4,boy,11,4.7,5
2,11,5,girl,11,5.5,5
3,11,5,girl,11,4.8,5
4,11,6,boy,11,4.9,5
5,11,5,boy,11,4.6,3
6,11,6,girl,11,4.6,5
7,11,5,boy,11,3.4,3
8,11,7,girl,11,5.6,7
9,11,4,girl,11,5.4,5
10,11,5,girl,11,5.6,5
11,11,6,boy,11,3.2,5
12,11,6,boy,11,5.1,6
13,11,6,boy,11,4.4,4
14,11,6,girl,11,4.8,6
15,11,4,girl,11,4.2,4
16,11,5,boy,11,4.3,3
17,11,5,boy,11,4.2,3
18,11,6,boy,11,4,5
19,11,4,boy,11,1.6,2
20,11,5,girl,11,4.9,5
21,11,5,girl,11,3.8,4
22,11,4,boy,11,4.1,4
1,12,5,boy,16,3.7,3
2,12,4,girl,16,4.8,5
3,12,2,girl,16,4.2,4
4,12,7,girl,16,5.7,7
5,12,4,girl,16,4.6,4
6,12,3,boy,16,3.8,4
7,12,4,boy,16,2.8,3
8,12,6,boy,16,4.7,5
9,12,5,girl,16,5.6,5
10,12,3,girl,16,2.8,4
11,12,4,boy,16,3.8,2
12,12,3,boy,16,2.4,4
13,12,4,girl,16,5.3,5
14,12,4,boy,16,3.5,4
15,12,4,boy,16,4.5,3
16,12,5,boy,16,4.5,4
17,12,6,boy,16,4.5,5
2,13,4,girl,19,6.5,6
3,13,4,girl,19,6.4,5
4,13,6,boy,19,6.2,6
5,13,6,boy,19,6.1,6
6,13,5,girl,19,5.6,7
7,13,4,girl,19,6.3,7
8,13,6,boy,19,6.2,7
9,13,6,girl,19,6.2,7
10,13,6,boy,19,5.7,6
11,13,7,boy,19,5.9,6
12,13,3,girl,19,5,5
13,13,4,girl,19,6.1,7
14,13,4,boy,19,4.5,5
15,13,6,girl,19,7.2,7
16,13,6,boy,19,6.3,7
17,13,4,boy,19,4.8,5
18,13,7,girl,19,8,8
19,13,5,girl,19,6,6
20,13,5,girl,19,7.7,7
21,13,4,girl,19,6.1,7
1,14,7,boy,2,3,3
2,14,6,boy,2,3.3,4
3,14,9,boy,2,5.3,6
4,14,7,boy,2,3.2,3
5,14,6,boy,2,3.6,5
6,14,8,boy,2,4.5,6
7,14,5,boy,2,1.4,2
8,14,6,boy,2,2.3,3
9,14,6,boy,2,2.8,3
10,14,8,boy,2,4.5,4
11,14,7,boy,2,3.9,4
12,14,7,boy,2,4.5,6
13,14,7,boy,2,3.1,4
14,14,7,boy,2,4.5,5
15,14,6,boy,2,2.3,2
16,14,8,boy,2,6.5,6
17,14,6,boy,2,3.1,3
1,15,5,boy,8,4.2,2
2,15,5,boy,8,3.4,4
3,15,4,boy,8,4,2
4,15,4,boy,8,3.1,1
5,15,7,boy,8,6.3,6
6,15,6,girl,8,4.4,5
7,15,6,girl,8,5.5,5
8,15,8,girl,8,7.9,8
9,15,5,boy,8,2.9,4
10,15,8,boy,8,6.4,6
11,15,5,girl,8,5.1,6
12,15,7,boy,8,4.3,4
13,15,6,boy,8,4.3,5
14,15,5,girl,8,5.8,6
15,15,6,boy,8,4.5,5
16,15,5,girl,8,4.5,4
17,15,6,boy,8,6,6
18,15,6,girl,8,5.6,5
19,15,6,boy,8,4.7,5
20,15,4,girl,8,4.5,4
21,15,3,boy,8,4.3,3
22,15,5,boy,8,3.2,3
23,15,5,boy,8,5,5
24,15,4,boy,8,2.9,3
1,16,5,girl,11,4.2,4
2,16,6,girl,11,5.6,5
3,16,5,girl,11,4.5,5
4,16,7,girl,11,6.3,6
5,16,5,girl,11,5.1,5
6,16,5,boy,11,2.8,2
7,16,6,girl,11,6.3,6
8,16,8,boy,11,3.1,4
9,16,5,girl,11,5.4,5
10,16,6,girl,11,4.7,5
11,16,8,girl,11,6.5,6
12,16,6,girl,11,4.5,4
13,16,7,girl,11,6.8,5
14,16,5,boy,11,2.9,4
15,16,4,girl,11,5.1,4
16,16,6,girl,11,4.2,4
17,16,6,girl,11,5.1,5
1,17,4,boy,16,3.7,4
2,17,3,girl,16,5.2,5
3,17,6,boy,16,6.3,5
4,17,5,boy,16,3.9,5
5,17,3,girl,16,5.3,5
6,17,5,boy,16,3.7,5
7,17,6,girl,16,5.8,6
8,17,4,girl,16,4.6,5
9,17,5,girl,16,5.9,6
10,17,5,girl,16,5.8,6
11,17,6,girl,16,6.6,7
12,17,4,boy,16,3.7,3
13,17,6,boy,16,5.8,5
14,17,6,girl,16,6.2,6
15,17,6,boy,16,4.8,5
16,17,6,girl,16,7,6
17,17,3,girl,16,5.4,4
18,17,5,girl,16,7,6
19,17,4,boy,16,3.3,3
20,17,7,girl,16,6.7,6
21,17,5,girl,16,5.6,6
22,17,4,boy,16,3.5,4
23,17,4,boy,16,3.6,3
24,17,4,boy,16,5.1,5
25,17,5,boy,16,3.7,4
26,17,4,boy,16,5.3,4
1,18,7,boy,21,6.1,6
2,18,5,girl,21,7.8,8
3,18,4,boy,21,4.8,5
4,18,5,boy,21,6.7,6
5,18,5,boy,21,5.1,6
6,18,4,girl,21,6.8,7
7,18,5,boy,21,7.1,6
8,18,3,girl,21,6.7,7
9,18,5,boy,21,5.6,7
10,18,4,girl,21,5.1,7
11,18,5,boy,21,4.8,5
12,18,6,girl,21,6.7,6
13,18,5,boy,21,6.7,7
14,18,4,boy,21,6.9,7
15,18,5,girl,21,7.9,7
16,18,5,boy,21,6.6,8
17,18,6,boy,21,6.9,6
18,18,5,girl,21,5.7,6
19,18,4,girl,21,4.4,6
20,18,3,girl,21,5.7,5
21,18,5,boy,21,6,6
1,19,8,girl,16,7.1,8
2,19,4,boy,16,5.4,5
3,19,5,boy,16,6.2,6
4,19,5,girl,16,7.1,7
5,19,5,boy,16,4.4,5
6,19,3,boy,16,3.2,4
7,19,5,boy,16,5.6,5
8,19,4,girl,16,6.2,6
9,19,5,boy,16,4.5,4
10,19,4,girl,16,5.9,6
11,19,6,girl,16,5.9,7
12,19,4,boy,16,3.7,4
14,19,6,girl,16,7.1,6
15,19,5,girl,16,5.6,7
16,19,3,boy,16,5,5
17,19,5,girl,16,5.9,6
18,19,4,girl,16,4.8,5
19,19,5,boy,16,5.7,5
20,19,3,girl,16,6.8,6
21,19,4,boy,16,4,4
1,20,5,girl,10,6,5
2,20,7,girl,10,6.5,6
3,20,5,girl,10,5.9,6
4,20,4,girl,10,5.1,5
5,20,5,girl,10,5.8,5
6,20,6,girl,10,6.9,6
7,20,8,girl,10,7.2,8
8,20,5,boy,10,3.3,5
9,20,5,girl,10,6.6,7
10,20,4,boy,10,2.7,3
11,20,4,boy,10,3.1,3
12,20,6,girl,10,5.7,6
13,20,7,boy,10,5.6,5
14,20,4,girl,10,6.3,5
15,20,6,girl,10,5.9,6
17,20,5,boy,10,2.9,4
18,20,6,girl,10,6.3,5
19,20,5,girl,10,5.7,6
20,20,6,girl,10,6.3,6
21,20,5,boy,10,4.2,5
1,21,5,girl,17,5.4,5
2,21,5,girl,17,5.7,6
3,21,5,girl,17,4.2,5
4,21,4,girl,17,3.5,5
5,21,7,boy,17,4.6,4
6,21,5,boy,17,4.1,4
7,21,5,boy,17,4.2,5
8,21,4,girl,17,4.6,5
9,21,6,boy,17,4,5
10,21,3,boy,17,4.5,4
11,21,6,girl,17,4.9,6
12,21,6,boy,17,5.3,6
13,21,4,boy,17,3.7,4
14,21,4,boy,17,3.8,4
15,21,5,girl,17,5.8,7
16,21,4,boy,17,3.7,2
17,21,5,boy,17,5.4,5
18,21,4,girl,17,6.7,6
19,21,3,girl,17,4.7,4
20,21,6,girl,17,6,6
21,21,4,girl,17,6.3,6
22,21,5,girl,17,5,5
23,21,6,girl,17,5.1,6
1,22,3,girl,11,5.7,6
2,22,2,girl,11,5.8,4
3,22,6,girl,11,7.6,6
4,22,6,girl,11,7.8,7
5,22,5,boy,11,5.4,6
6,22,4,boy,11,5.7,5
7,22,4,boy,11,6.3,5
8,22,6,girl,11,6.7,7
9,22,4,girl,11,7,7
10,22,5,boy,11,5.6,5
11,22,5,boy,11,5.5,4
12,22,6,boy,11,5.4,5
13,22,6,girl,11,6.7,7
14,22,7,girl,11,7.3,8
15,22,5,boy,11,6.1,6
16,22,5,girl,11,6.5,7
17,22,4,boy,11,5.8,6
18,22,6,girl,11,7.1,8
19,22,5,girl,11,5.9,6
20,22,7,girl,11,7,8
1,23,6,boy,15,5,4
2,23,6,girl,15,4.8,6
3,23,4,girl,15,5.9,7
4,23,5,boy,15,4.5,5
5,23,5,girl,15,6.3,7
6,23,7,girl,15,6,5
7,23,5,girl,15,6.4,5
8,23,4,boy,15,3.3,5
9,23,6,boy,15,4.6,4
10,23,5,boy,15,5.6,6
11,23,5,boy,15,4.5,5
12,23,6,girl,15,6.4,6
13,23,4,boy,15,3.8,4
14,23,6,girl,15,6.6,6
15,23,5,girl,15,6.5,6
16,23,6,boy,15,5.6,6
17,23,5,girl,15,5.7,6
18,23,5,boy,15,4.2,4
19,23,7,girl,15,6.7,6
20,23,3,boy,15,3.2,4
21,23,7,boy,15,5.4,6
22,23,3,boy,15,4.7,4
1,24,5,boy,6,3.4,3
2,24,4,boy,6,2.7,2
3,24,5,girl,6,3.8,4
4,24,5,girl,6,3.7,5
5,24,7,girl,6,7.3,6
6,24,7,girl,6,6.6,7
7,24,7,boy,6,3,4
8,24,6,girl,6,5.2,5
9,24,5,boy,6,4.7,4
10,24,6,girl,6,6.2,5
11,24,7,boy,6,4.5,5
12,24,6,boy,6,3.3,3
13,24,6,boy,6,3.9,3
14,24,5,boy,6,3.4,3
15,24,5,boy,6,4.1,5
16,24,7,girl,6,5.3,6
17,24,5,girl,6,5.6,4
18,24,5,girl,6,5.3,6
19,24,6,boy,6,4.5,4
1,25,4,boy,19,5.1,5
2,25,5,girl,19,5.6,6
3,25,5,girl,19,5.6,5
4,25,4,girl,19,5.9,6
5,25,7,girl,19,6.5,6
6,25,6,boy,19,3.7,4
7,25,5,boy,19,3.9,4
8,25,6,girl,19,5.7,5
9,25,4,girl,19,5.7,4
10,25,5,boy,19,5.1,4
11,25,6,girl,19,5.7,6
12,25,6,boy,19,4.6,5
13,25,5,girl,19,7,6
14,25,4,girl,19,4.7,5
15,25,5,girl,19,3.3,4
16,25,4,boy,19,4,4
17,25,5,boy,19,2.9,4
18,25,5,boy,19,3.8,4
19,25,5,boy,19,3.7,3
20,25,5,boy,19,4.3,4
1,26,5,girl,10,4.1,5
2,26,4,girl,10,3.7,4
3,26,6,boy,10,4.1,5
4,26,4,girl,10,4.1,4
5,26,4,boy,10,2.8,3
6,26,4,girl,10,3.2,4
7,26,6,girl,10,6,6
8,26,5,boy,10,3.2,3
9,26,4,boy,10,3.4,2
10,26,4,boy,10,3.2,3
11,26,6,girl,10,4.9,5
12,26,5,boy,10,3.5,4
13,26,4,girl,10,3.9,4
14,26,6,boy,10,3.8,5
15,26,4,boy,10,2.9,4
16,26,3,girl,10,3.6,2
17,26,7,girl,10,6.1,6
18,26,4,girl,10,5.5,6
19,26,7,boy,10,6.2,6
20,26,5,boy,10,2.6,4
21,26,4,girl,10,4.5,5
1,27,4,boy,10,2.5,3
2,27,6,boy,10,6,4
3,27,6,boy,10,3.6,4
4,27,5,boy,10,4.8,5
5,27,4,boy,10,2.9,4
6,27,7,boy,10,6.2,6
7,27,5,boy,10,4,4
8,27,7,boy,10,4.9,5
9,27,5,girl,10,5.4,6
10,27,5,boy,10,4.2,4
11,27,5,girl,10,4.8,5
12,27,6,girl,10,6.4,6
13,27,5,boy,10,3.2,4
14,27,5,girl,10,5.2,5
15,27,4,girl,10,3.4,4
16,27,5,girl,10,4.8,5
17,27,5,boy,10,4.2,4
18,27,4,boy,10,3.2,4
19,27,6,boy,10,4.7,5
20,27,6,boy,10,4.6,4
1,28,5,boy,13,4.9,4
2,28,3,girl,13,4.3,4
3,28,3,boy,13,3.8,3
4,28,5,boy,13,4.1,4
5,28,6,girl,13,5.5,7
6,28,6,girl,13,5,4
7,28,6,boy,13,3.6,4
8,28,5,girl,13,5.4,6
9,28,6,girl,13,6,5
10,28,5,girl,13,4.8,5
11,28,6,boy,13,4.1,6
12,28,5,boy,13,4.2,4
13,28,6,girl,13,5.6,5
14,28,7,boy,13,4.4,5
15,28,5,girl,13,4.8,6
16,28,6,boy,13,3.3,3
17,28,5,girl,13,4.9,6
18,28,4,boy,13,3.4,3
19,28,3,girl,13,3.7,3
20,28,4,girl,13,4.4,4
1,29,4,girl,22,5.9,7
2,29,4,boy,22,3.8,6
3,29,5,boy,22,5.2,5
4,29,7,boy,22,6.1,6
5,29,4,girl,22,5.5,5
6,29,4,girl,22,7.2,6
7,29,6,boy,22,6.2,6
8,29,5,girl,22,7.1,6
9,29,4,girl,22,6,6
10,29,5,girl,22,6,5
12,29,3,boy,22,5.2,5
13,29,3,boy,22,6.6,4
14,29,5,girl,22,5.7,6
15,29,5,girl,22,6.9,7
16,29,5,girl,22,6.6,6
17,29,3,girl,22,5.7,6
18,29,2,boy,22,4.7,5
1,30,6,boy,6,3.3,4
2,30,5,boy,6,2.6,4
3,30,5,girl,6,5.3,3
4,30,7,boy,6,4,3
5,30,5,girl,6,4.7,4
6,30,6,boy,6,5.2,5
7,30,6,boy,6,3.5,4
8,30,8,girl,6,6.5,6
9,30,5,boy,6,3.9,4
10,30,5,girl,6,4.9,4
11,30,6,boy,6,3.6,4
12,30,5,girl,6,4.3,4
13,30,4,girl,6,3.5,4
14,30,5,boy,6,4,4
15,30,8,girl,6,7.1,7
16,30,6,girl,6,6.1,6
17,30,8,girl,6,4.6,5
1,31,6,boy,6,4.9,5
2,31,6,girl,6,5.7,7
4,31,6,girl,6,5.2,5
5,31,6,girl,6,7.3,6
6,31,5,boy,6,3.5,4
7,31,5,girl,6,4,5
8,31,6,girl,6,5.8,6
9,31,5,girl,6,5.8,6
10,31,5,boy,6,4.4,4
11,31,6,boy,6,4.6,5
12,31,5,boy,6,4.2,3
13,31,3,boy,6,1.5,1
14,31,4,boy,6,2.9,2
15,31,4,boy,6,3.2,4
16,31,4,boy,6,1.8,1
17,31,6,girl,6,5.5,5
18,31,3,boy,6,0.4,1
19,31,6,boy,6,5.4,4
20,31,5,girl,6,5.1,4
1,32,5,girl,12,6.2,6
2,32,6,boy,12,5.9,6
3,32,6,girl,12,4.9,5
4,32,6,girl,12,6,7
5,32,6,boy,12,4.9,5
6,32,4,boy,12,3.9,5
7,32,4,boy,12,4.5,4
8,32,5,girl,12,4.6,5
9,32,3,boy,12,2.4,3
10,32,4,girl,12,4.7,4
11,32,6,girl,12,5,6
12,32,6,boy,12,5.8,5
13,32,5,girl,12,6.1,6
14,32,4,boy,12,4.6,4
15,32,5,girl,12,5.2,5
16,32,5,boy,12,4.8,4
17,32,5,boy,12,4,4
18,32,5,boy,12,3.1,2
19,32,6,boy,12,4.8,5
20,32,6,girl,12,7.3,8
21,32,4,boy,12,3.3,3
22,32,5,girl,12,4.2,4
23,32,6,girl,12,6.9,7
1,33,7,girl,3,7.2,7
2,33,7,girl,3,8.7,8
3,33,7,girl,3,5.4,5
4,33,8,girl,3,9.2,8
5,33,6,girl,3,7,7
6,33,7,girl,3,6.4,7
7,33,8,girl,3,9.5,9
8,33,7,girl,3,8.1,7
9,33,8,girl,3,6,7
10,33,8,girl,3,7,8
11,33,9,girl,3,8.1,10
12,33,6,girl,3,7.4,7
13,33,7,girl,3,8.4,8
14,33,6,girl,3,4.7,6
15,33,7,girl,3,7.4,7
16,33,7,girl,3,5.7,5
17,33,7,girl,3,8,8
18,33,9,girl,3,8.8,8
19,33,6,girl,3,6.2,7
1,34,6,boy,8,5.8,4
2,34,5,boy,8,3.8,3
3,34,8,girl,8,8.5,8
4,34,7,boy,8,4.6,5
5,34,6,boy,8,3.9,5
6,34,5,boy,8,3.9,4
7,34,6,boy,8,4.7,4
8,34,7,boy,8,5.6,6
9,34,4,girl,8,3.3,4
10,34,6,boy,8,5.7,5
11,34,6,boy,8,4.1,5
12,34,4,girl,8,4.3,4
13,34,5,boy,8,5.4,5
14,34,5,boy,8,4.8,5
15,34,3,girl,8,3.2,4
16,34,6,boy,8,4.2,4
17,34,5,boy,8,3.9,5
18,34,7,girl,8,6.1,6
19,34,6,boy,8,4.5,5
20,34,5,boy,8,3.8,3
21,34,6,girl,8,6.8,6
22,34,5,girl,8,5,5
1,35,4,girl,25,6,7
2,35,5,girl,25,7.5,7
3,35,6,girl,25,7.9,9
4,35,4,girl,25,7.8,7
5,35,4,girl,25,7.9,7
6,35,5,girl,25,7,8
7,35,6,girl,25,5.5,8
8,35,4,girl,25,7,7
9,35,4,girl,25,6.2,7
10,35,7,girl,25,7,7
11,35,4,girl,25,6.6,6
12,35,6,girl,25,6.8,7
13,35,3,girl,25,6.8,6
14,35,6,girl,25,6.8,9
15,35,4,girl,25,7.4,8
16,35,5,girl,25,7.5,8
17,35,6,girl,25,7.1,8
18,35,4,girl,25,6.7,5
19,35,5,girl,25,7.3,6
20,35,3,girl,25,6.7,7
1,36,6,girl,15,6.3,6
2,36,4,boy,15,3.9,5
3,36,5,boy,15,4,4
4,36,4,boy,15,3.2,4
5,36,6,boy,15,4.2,5
6,36,3,girl,15,5,5
7,36,3,girl,15,5.3,4
8,36,4,girl,15,5.3,6
9,36,6,boy,15,5.7,5
10,36,4,girl,15,5.2,6
11,36,3,boy,15,5,5
12,36,5,boy,15,3.9,5
13,36,3,girl,15,5.4,4
14,36,4,girl,15,7.4,7
15,36,7,boy,15,4.3,5
16,36,6,girl,15,6.7,7
17,36,5,boy,15,4.4,5
18,36,4,boy,15,5.3,4
19,36,4,boy,15,5.3,4
1,37,5,boy,20,4.6,4
2,37,5,girl,20,6.9,5
3,37,6,girl,20,6.4,8
4,37,6,girl,20,6.7,7
5,37,5,boy,20,4.1,4
6,37,6,boy,20,4.6,6
7,37,7,boy,20,5.3,7
8,37,5,girl,20,7.1,7
9,37,6,boy,20,6,5
10,37,6,boy,20,4,2
11,37,4,girl,20,4.9,6
12,37,4,boy,20,4.1,4
13,37,4,boy,20,4.4,5
14,37,5,boy,20,4.8,5
15,37,5,boy,20,4.5,5
16,37,4,boy,20,3.6,4
17,37,6,boy,20,5.7,5
18,37,7,girl,20,6.8,7
19,37,6,girl,20,7.3,7
1,38,5,boy,18,3.5,4
2,38,5,boy,18,3.5,4
3,38,5,boy,18,4.9,5
4,38,5,girl,18,4.8,6
5,38,5,girl,18,5.8,6
6,38,5,girl,18,5.9,5
7,38,4,girl,18,5,4
8,38,6,boy,18,4.3,4
9,38,4,girl,18,4.6,5
10,38,4,boy,18,3.6,3
11,38,4,boy,18,3,2
12,38,6,boy,18,4.5,5
13,38,4,boy,18,3.9,4
14,38,5,boy,18,4.2,5
15,38,5,girl,18,6,6
16,38,6,girl,18,6.5,7
17,38,5,boy,18,3.4,4
1,39,4,girl,19,5.4,5
2,39,4,girl,19,5.6,5
3,39,4,boy,19,3.6,4
4,39,6,boy,19,4.7,4
5,39,4,girl,19,5.7,6
6,39,4,girl,19,4.8,5
7,39,7,girl,19,6.4,7
8,39,5,girl,19,4.9,6
9,39,5,girl,19,5.3,7
10,39,5,girl,19,5.5,5
11,39,6,boy,19,3.9,4
12,39,5,boy,19,5.1,5
13,39,4,boy,19,4.8,4
14,39,3,girl,19,4.6,4
15,39,4,boy,19,5.2,5
16,39,6,girl,19,6,7
1,40,8,girl,2,6.4,8
2,40,8,girl,2,5.1,4
3,40,9,girl,2,7.7,7
4,40,9,girl,2,7.4,6
5,40,8,girl,2,6.8,7
6,40,10,girl,2,6.8,8
7,40,9,girl,2,8.2,8
8,40,10,girl,2,7.6,7
9,40,9,girl,2,7.5,8
10,40,8,girl,2,6.5,6
11,40,7,girl,2,4.3,4
12,40,10,girl,2,7.7,7
13,40,8,girl,2,7.5,7
14,40,9,girl,2,6.5,7
15,40,10,girl,2,8.6,7
16,40,9,girl,2,5.4,4
17,40,8,girl,2,4.5,5
18,40,6,girl,2,3.8,4
19,40,8,girl,2,6.9,6
20,40,8,girl,2,6.6,5
1,41,6,girl,18,5,4
2,41,3,boy,18,3.4,3
3,41,5,boy,18,2.5,1
4,41,5,girl,18,5,6
5,41,6,boy,18,3.8,3
6,41,5,boy,18,3.4,3
7,41,5,boy,18,3,4
8,41,5,girl,18,4.4,4
9,41,5,girl,18,3.6,4
10,41,4,girl,18,4.2,4
11,41,6,girl,18,5.3,5
12,41,5,boy,18,2.9,2
13,41,5,boy,18,2.8,3
14,41,6,boy,18,3.7,4
15,41,5,girl,18,4.2,4
16,41,4,girl,18,3.2,3
17,41,3,girl,18,3.6,3
18,41,5,girl,18,4.1,4
19,41,4,boy,18,3.2,2
1,42,3,girl,12,5.3,6
2,42,7,boy,12,6.6,8
3,42,5,boy,12,4.1,5
4,42,5,girl,12,5.5,4
5,42,5,boy,12,4.8,5
6,42,4,girl,12,4.5,5
7,42,3,boy,12,3.9,5
8,42,5,girl,12,5.9,5
9,42,5,girl,12,5,5
10,42,7,girl,12,7.1,7
11,42,7,boy,12,5.2,5
12,42,5,girl,12,7,7
13,42,6,girl,12,7.3,6
14,42,3,girl,12,4.1,5
15,42,6,boy,12,5.5,5
16,42,6,boy,12,4.9,4
17,42,6,girl,12,7.2,6
18,42,5,boy,12,4.1,5
19,42,5,girl,12,4.4,5
20,42,4,girl,12,5.3,5
21,42,4,girl,12,3.6,4
1,43,7,boy,12,6.7,7
2,43,5,girl,12,4.2,4
3,43,5,boy,12,5.6,5
4,43,4,girl,12,4.7,5
5,43,6,girl,12,5.6,6
6,43,4,girl,12,6.2,6
7,43,6,boy,12,4.7,6
8,43,5,boy,12,5.4,4
9,43,5,girl,12,6.7,6
10,43,5,boy,12,4.8,5
11,43,5,boy,12,5.5,6
12,43,4,boy,12,5.6,5
13,43,6,boy,12,4.3,4
14,43,5,boy,12,5.2,5
15,43,7,boy,12,5.9,5
16,43,4,boy,12,4.5,4
17,43,6,boy,12,5.7,5
1,44,5,boy,14,4.2,4
2,44,6,girl,14,6.7,6
3,44,6,girl,14,6,5
4,44,6,girl,14,6,5
5,44,5,boy,14,4,4
6,44,5,boy,14,5.1,5
7,44,4,girl,14,4.9,4
8,44,5,boy,14,3.9,4
9,44,6,boy,14,4.5,5
10,44,4,boy,14,3.3,3
11,44,6,boy,14,4.3,5
12,44,8,girl,14,6.4,5
13,44,5,girl,14,5.2,4
14,44,7,girl,14,6.2,6
15,44,7,girl,14,5.7,6
16,44,5,boy,14,3.6,4
17,44,6,boy,14,5.1,6
18,44,5,girl,14,5.1,4
19,44,5,boy,14,3.7,3
1,45,6,boy,20,4.3,5
2,45,6,girl,20,7.9,7
3,45,5,girl,20,4.8,5
4,45,7,girl,20,7.7,7
5,45,6,boy,20,6.3,6
6,45,4,boy,20,4.9,5
7,45,5,boy,20,5.2,4
8,45,3,girl,20,7.9,7
9,45,6,boy,20,6.2,6
10,45,6,girl,20,6,7
11,45,5,boy,20,4.8,6
12,45,5,boy,20,6.2,6
13,45,4,boy,20,5.6,5
14,45,6,boy,20,5.1,5
15,45,4,boy,20,4.5,5
16,45,5,boy,20,5.5,5
17,45,6,girl,20,7.1,6
18,45,5,boy,20,4.8,6
19,45,5,boy,20,4.9,5
1,46,4,girl,18,5.5,5
2,46,4,girl,18,5.5,6
3,46,6,girl,18,6.1,7
4,46,4,boy,18,4,3
5,46,4,boy,18,3.5,5
6,46,4,boy,18,3.4,3
7,46,6,girl,18,6.2,6
8,46,4,girl,18,5.1,5
9,46,4,boy,18,3.5,4
10,46,6,girl,18,6.3,5
11,46,5,girl,18,6.1,6
12,46,6,girl,18,5.7,6
13,46,6,girl,18,3.9,5
14,46,5,girl,18,5.6,6
15,46,4,boy,18,3.6,4
16,46,5,boy,18,5.2,5
17,46,8,girl,18,8.4,7
18,46,3,boy,18,3.1,4
19,46,2,girl,18,5.1,5
20,46,6,girl,18,6.5,6
21,46,3,girl,18,4.5,5
22,46,4,girl,18,5.3,5
23,46,4,boy,18,3.7,4
1,47,4,girl,13,5.3,5
2,47,8,boy,13,5.5,5
3,47,5,girl,13,5.8,4
4,47,5,boy,13,3.7,4
5,47,6,boy,13,5.4,5
6,47,4,girl,13,4.9,4
7,47,5,boy,13,4.1,4
8,47,6,girl,13,5.5,6
9,47,6,girl,13,6.1,6
10,47,4,girl,13,3.9,5
11,47,5,boy,13,5.2,6
12,47,5,girl,13,4.4,4
13,47,5,boy,13,4.3,5
14,47,5,boy,13,3,4
15,47,4,girl,13,5.9,6
16,47,4,girl,13,4.4,4
17,47,7,boy,13,5.5,6
1,48,6,girl,6,5.8,6
2,48,4,boy,6,1.8,3
3,48,7,boy,6,5.5,5
4,48,5,boy,6,2.1,3
5,48,6,boy,6,3.6,4
6,48,6,boy,6,1.9,2
7,48,4,girl,6,4.4,5
8,48,8,girl,6,5.1,7
9,48,4,boy,6,2.5,2
10,48,5,girl,6,2.6,3
11,48,5,boy,6,3.6,4
12,48,5,boy,6,3.4,3
13,48,6,girl,6,6.1,6
14,48,8,girl,6,7.4,6
15,48,7,boy,6,5.2,4
16,48,6,girl,6,4.5,5
17,48,6,girl,6,5.3,5
18,48,5,boy,6,4,4
19,48,5,boy,6,4.2,3
1,49,4,girl,7,5.4,5
2,49,6,girl,7,5.7,6
3,49,4,boy,7,3.2,3
4,49,7,girl,7,6.3,7
5,49,5,girl,7,4.2,4
6,49,5,boy,7,4.4,3
7,49,5,girl,7,5,4
8,49,6,boy,7,4.3,4
9,49,5,boy,7,4.2,4
10,49,5,girl,7,4.7,5
11,49,5,girl,7,4.1,5
12,49,6,girl,7,5.4,6
13,49,6,girl,7,5.2,6
14,49,5,boy,7,4.8,3
15,49,6,girl,7,4.9,4
16,49,5,boy,7,4.5,5
17,49,6,boy,7,3.5,3
18,49,8,girl,7,6.9,7
19,49,4,boy,7,5.3,4
20,49,5,boy,7,3.4,4
1,50,4,boy,25,5.2,6
2,50,6,girl,25,6.7,7
3,50,5,girl,25,6.8,7
4,50,5,boy,25,5.6,5
5,50,6,boy,25,5.6,6
6,50,2,girl,25,6.5,6
7,50,5,boy,25,5.1,5
8,50,5,boy,25,7,6
9,50,7,boy,25,6.4,6
10,50,5,boy,25,6.4,6
11,50,6,girl,25,7.4,7
12,50,5,boy,25,5.8,6
13,50,4,girl,25,6.7,6
14,50,5,boy,25,5.3,6
15,50,5,boy,25,5.4,7
16,50,5,girl,25,7.2,6
17,50,5,boy,25,5,5
18,50,6,girl,25,6.3,6
19,50,5,girl,25,7.6,6
20,50,4,girl,25,5.9,7
1,51,5,boy,16,4.2,5
2,51,4,girl,16,4.9,4
3,51,5,boy,16,3.1,3
4,51,6,girl,16,5.1,6
5,51,5,girl,16,5,4
6,51,4,girl,16,5.5,6
7,51,5,girl,16,3.7,5
8,51,5,boy,16,3.2,2
9,51,5,girl,16,5,6
10,51,5,girl,16,4.8,4
11,51,5,boy,16,2.4,3
12,51,6,boy,16,4.1,4
13,51,3,boy,16,2.4,4
14,51,5,girl,16,5.9,5
15,51,5,girl,16,4.3,5
16,51,6,boy,16,4,4
17,51,5,girl,16,5.3,6
18,51,5,girl,16,4.3,4
19,51,5,boy,16,4,3
20,51,3,boy,16,3.9,3
21,51,5,girl,16,6.3,6
22,51,6,girl,16,5.8,6
23,51,5,boy,16,3.9,4
1,52,6,girl,7,6,6
2,52,3,boy,7,4.4,4
3,52,6,girl,7,5.6,5
4,52,5,girl,7,6.1,6
5,52,4,girl,7,5,5
6,52,4,boy,7,2.9,2
7,52,6,boy,7,3.4,5
8,52,6,boy,7,3.2,3
9,52,5,girl,7,4.7,6
10,52,5,girl,7,5.1,5
11,52,6,girl,7,5.4,6
12,52,5,boy,7,4.2,4
13,52,2,boy,7,1.9,2
14,52,5,boy,7,4.4,4
15,52,5,boy,7,4.5,5
16,52,5,boy,7,3.6,4
17,52,7,girl,7,5.4,7
18,52,5,boy,7,3.9,2
19,52,5,girl,7,3.4,4
20,52,6,boy,7,4.5,4
21,52,6,girl,7,6,7
22,52,6,girl,7,3.6,5
23,52,6,boy,7,4.2,4
1,53,3,girl,21,6.8,7
2,53,5,girl,21,7.2,8
3,53,4,girl,21,6.2,6
4,53,5,girl,21,7.5,8
5,53,4,girl,21,7.1,7
6,53,5,girl,21,6.7,6
7,53,7,girl,21,7,8
8,53,5,girl,21,6.5,7
9,53,6,girl,21,8.4,7
10,53,4,girl,21,6.2,6
11,53,1,girl,21,5.3,5
12,53,4,girl,21,5.3,5
13,53,4,girl,21,5.5,6
14,53,5,girl,21,7.4,8
15,53,5,girl,21,6.9,7
16,53,6,girl,21,7.5,7
17,53,6,girl,21,6.8,7
18,53,5,girl,21,5.1,6
19,53,4,girl,21,6.6,7
1,54,4,girl,16,6,6
2,54,6,boy,16,4.7,4
3,54,5,boy,16,5.6,5
4,54,5,boy,16,3.6,3
5,54,6,boy,16,3.4,4
6,54,4,boy,16,4.7,4
7,54,5,girl,16,6.6,6
8,54,5,boy,16,4.6,5
9,54,7,boy,16,4.5,5
10,54,4,boy,16,5.5,4
11,54,5,girl,16,5.3,5
12,54,6,boy,16,5.4,6
13,54,5,boy,16,4.8,5
14,54,5,girl,16,5.6,5
15,54,6,girl,16,6,7
16,54,6,girl,16,6.8,7
17,54,4,boy,16,3.8,4
18,54,6,girl,16,6.7,7
19,54,4,girl,16,5.8,5
1,55,5,boy,7,2.7,3
2,55,6,boy,7,5,4
3,55,6,boy,7,4.4,4
4,55,5,boy,7,2.2,2
5,55,5,boy,7,4.5,5
6,55,3,boy,7,2.4,3
7,55,6,boy,7,2.7,3
8,55,6,boy,7,3.8,5
9,55,5,boy,7,4.5,5
10,55,7,boy,7,4.5,3
11,55,7,boy,7,4.1,4
12,55,6,boy,7,3.4,4
13,55,5,boy,7,2.4,3
14,55,5,boy,7,4.1,4
15,55,6,boy,7,5,5
16,55,6,boy,7,3.8,4
17,55,4,boy,7,3.9,3
18,55,7,boy,7,3.4,3
19,55,6,boy,7,4.4,4
20,55,5,boy,7,2.3,3
21,55,4,boy,7,2,2
1,56,5,boy,12,4.9,5
2,56,4,boy,12,2.4,5
3,56,6,girl,12,4.4,5
4,56,4,boy,12,3.4,4
5,56,6,boy,12,3.9,3
6,56,5,girl,12,4.4,5
7,56,5,girl,12,6.1,6
8,56,3,boy,12,3.9,3
9,56,6,boy,12,6.3,6
10,56,4,girl,12,4.9,4
11,56,6,girl,12,5.9,8
12,56,5,girl,12,6,8
13,56,5,girl,12,6.5,5
14,56,5,boy,12,4,3
15,56,4,boy,12,4,4
16,56,4,girl,12,5.7,5
17,56,6,boy,12,3.6,4
18,56,5,boy,12,3.9,5
19,56,5,girl,12,6,6
1,57,6,girl,4,4.8,3
2,57,8,girl,4,6.7,6
3,57,6,boy,4,2.8,3
4,57,7,boy,4,4.9,5
5,57,7,girl,4,5.4,5
6,57,6,girl,4,3.9,5
7,57,5,boy,4,2.1,2
8,57,5,girl,4,3.1,3
9,57,5,girl,4,3.5,2
10,57,6,boy,4,2.1,3
11,57,5,girl,4,5,4
12,57,7,girl,4,4.8,6
13,57,4,boy,4,2.2,2
14,57,7,girl,4,5.1,7
15,57,2,boy,4,1.2,2
16,57,7,girl,4,4.9,5
17,57,8,boy,4,4.8,5
18,57,5,girl,4,3,3
1,58,4,boy,22,5.7,6
2,58,6,girl,22,6.5,7
3,58,5,girl,22,6.4,5
4,58,6,girl,22,8.1,8
5,58,6,boy,22,5.1,6
6,58,3,boy,22,4.1,4
7,58,6,girl,22,6.3,6
8,58,3,boy,22,5.2,5
9,58,4,girl,22,7,7
10,58,5,boy,22,5.6,6
11,58,6,girl,22,6.5,7
12,58,2,boy,22,4,5
13,58,6,girl,22,7,7
14,58,4,boy,22,4.5,4
15,58,5,girl,22,6.7,7
16,58,5,girl,22,7.5,7
17,58,4,girl,22,7,7
18,58,5,girl,22,7,7
19,58,5,boy,22,5.7,6
20,58,3,boy,22,4.6,4
1,59,6,boy,5,2.9,4
2,59,5,girl,5,4.8,5
3,59,6,girl,5,5.8,6
4,59,5,boy,5,3.1,3
5,59,5,boy,5,4.3,4
6,59,6,boy,5,4.1,3
7,59,5,boy,5,2.8,3
8,59,6,girl,5,5,6
9,59,5,girl,5,5.1,4
10,59,7,boy,5,4.7,6
11,59,6,boy,5,3.4,4
12,59,4,boy,5,1.8,3
13,59,4,girl,5,4.1,4
14,59,6,girl,5,6.1,7
15,59,6,girl,5,4.6,5
16,59,5,boy,5,3.9,4
17,59,6,boy,5,4.8,4
1,60,5,boy,3,2.8,3
2,60,8,girl,3,6.4,7
3,60,9,boy,3,5.6,6
4,60,7,girl,3,5.7,6
5,60,6,girl,3,5.5,5
6,60,7,boy,3,4,3
7,60,8,girl,3,5.3,6
8,60,5,girl,3,3.7,5
9,60,6,boy,3,4.5,3
10,60,7,boy,3,3,3
11,60,8,girl,3,6,5
12,60,7,boy,3,3.6,4
13,60,6,girl,3,5.7,5
14,60,7,girl,3,5.1,6
16,60,7,girl,3,6.1,6
17,60,7,girl,3,5.9,5
18,60,7,boy,3,4.2,5
19,60,4,boy,3,1.6,2
20,60,5,boy,3,2.7,2
21,60,6,girl,3,3.3,6
22,60,4,boy,3,1.4,2
1,61,3,girl,23,6.2,6
2,61,6,boy,23,5.9,5
3,61,4,girl,23,5.6,7
4,61,3,girl,23,4.8,5
5,61,4,girl,23,5.5,5
6,61,5,boy,23,5.5,5
7,61,4,girl,23,4.4,6
8,61,6,girl,23,7.1,7
9,61,4,boy,23,4.3,5
10,61,4,girl,23,6.3,7
11,61,5,girl,23,8.2,7
12,61,3,boy,23,4.4,5
13,61,6,girl,23,7.5,7
14,61,5,girl,23,5.3,7
15,61,4,boy,23,5.9,5
16,61,5,boy,23,6.4,6
17,61,4,girl,23,5.7,5
18,61,4,boy,23,5.1,6
19,61,5,boy,23,5.7,6
1,62,5,girl,25,6.6,7
2,62,5,boy,25,5,5
3,62,5,boy,25,4.9,4
4,62,6,boy,25,5.4,4
5,62,3,boy,25,4.9,4
6,62,4,girl,25,5.8,5
7,62,5,girl,25,8.4,6
8,62,4,girl,25,6.5,6
9,62,4,girl,25,4.8,6
10,62,6,girl,25,6.7,6
11,62,4,girl,25,6,7
12,62,6,girl,25,5.2,5
13,62,4,boy,25,4.7,5
14,62,6,boy,25,5.4,5
15,62,5,boy,25,4.7,5
16,62,5,girl,25,6.9,7
17,62,4,boy,25,5.2,6
18,62,5,boy,25,4.8,6
19,62,5,girl,25,7.5,6
20,62,5,boy,25,4.8,4
1,63,6,girl,15,7.7,7
2,63,5,boy,15,4.8,5
3,63,3,girl,15,5.1,6
4,63,4,boy,15,3.4,4
5,63,6,boy,15,5.5,5
6,63,5,boy,15,4.6,5
7,63,7,boy,15,4.8,5
8,63,5,girl,15,5.3,6
9,63,5,boy,15,4.6,5
10,63,5,girl,15,5.4,6
11,63,6,boy,15,6.1,6
12,63,5,girl,15,5.8,4
13,63,7,boy,15,5.5,5
14,63,5,boy,15,4.6,5
15,63,6,girl,15,6.4,6
16,63,5,girl,15,6.5,7
17,63,4,boy,15,4.2,3
18,63,4,girl,15,4.6,6
19,63,4,boy,15,3.1,4
20,63,4,girl,15,6.8,6
21,63,7,girl,15,7.1,7
22,63,4,girl,15,5.5,5
23,63,5,girl,15,6.9,6
24,63,4,boy,15,4.6,4
25,63,4,boy,15,4,4
1,64,2,girl,25,6.3,6
2,64,4,girl,25,6.9,7
3,64,4,girl,25,5.6,7
4,64,5,girl,25,8.8,8
5,64,3,girl,25,5.7,6
6,64,3,girl,25,8.2,8
7,64,5,girl,25,8.1,8
8,64,5,girl,25,6.6,7
9,64,6,girl,25,6.9,7
11,64,6,girl,25,5.7,6
12,64,5,girl,25,8.8,8
13,64,2,girl,25,7.6,7
14,64,7,girl,25,9.1,8
15,64,5,girl,25,7.7,8
16,64,5,girl,25,6,7
17,64,5,girl,25,7.4,7
18,64,3,girl,25,5.6,6
19,64,6,girl,25,8.9,9
20,64,6,girl,25,6.4,7
1,65,5,boy,22,6,6
2,65,3,boy,22,6.6,7
3,65,4,boy,22,5.3,6
4,65,5,girl,22,6.4,6
5,65,4,girl,22,5.6,7
6,65,5,girl,22,6.8,6
7,65,5,boy,22,5.3,5
8,65,4,boy,22,5.1,6
9,65,7,boy,22,5.3,5
10,65,5,girl,22,6.4,7
11,65,5,girl,22,8.5,7
12,65,6,boy,22,5.7,6
13,65,4,boy,22,5.2,6
14,65,4,girl,22,7.5,8
15,65,5,boy,22,6.7,5
16,65,5,girl,22,7.3,7
17,65,4,boy,22,5.1,6
18,65,5,boy,22,4.7,5
19,65,3,boy,22,5.1,4
20,65,5,girl,22,7.4,7
21,65,4,girl,22,7.9,7
22,65,6,girl,22,7,7
1,66,7,girl,8,7.5,7
2,66,7,girl,8,6.9,8
3,66,5,boy,8,4.5,5
4,66,5,boy,8,4,4
5,66,5,girl,8,6.2,6
6,66,5,girl,8,5.2,4
7,66,6,girl,8,7,6
8,66,6,girl,8,6.3,7
9,66,5,girl,8,5.5,6
10,66,6,girl,8,6.6,7
11,66,6,boy,8,4.6,5
12,66,5,girl,8,5.3,6
13,66,4,girl,8,6.4,7
14,66,5,girl,8,6.5,6
15,66,7,girl,8,7.4,7
16,66,6,boy,8,6.7,6
17,66,4,boy,8,4.9,4
18,66,4,boy,8,5.1,4
19,66,7,girl,8,8.6,8
20,66,5,boy,8,4.5,4
1,67,6,girl,23,5.9,6
2,67,8,girl,23,8.1,7
3,67,6,girl,23,5.9,5
4,67,3,girl,23,6,6
5,67,7,girl,23,8.3,8
6,67,5,girl,23,5.8,5
7,67,5,girl,23,5.5,7
8,67,4,girl,23,5.9,6
9,67,4,girl,23,8.2,9
10,67,7,girl,23,6.9,7
11,67,5,girl,23,6.7,6
12,67,6,girl,23,6.4,6
13,67,4,girl,23,6.4,7
14,67,5,girl,23,5.5,5
15,67,4,girl,23,7.3,6
16,67,4,girl,23,6.7,5
17,67,1,girl,23,5.6,6
18,67,7,girl,23,7.4,7
19,67,5,girl,23,5.3,6
20,67,5,girl,23,6.7,7
21,67,6,girl,23,6.8,7
1,68,3,boy,20,6.5,4
2,68,6,boy,20,6.3,5
3,68,5,boy,20,5.2,6
4,68,5,boy,20,6.8,6
5,68,4,boy,20,4.8,4
6,68,6,girl,20,7.5,7
7,68,6,boy,20,5.8,6
8,68,6,boy,20,5.9,5
9,68,5,girl,20,6.7,7
10,68,4,girl,20,6.3,6
11,68,4,boy,20,4.6,5
12,68,6,boy,20,4.7,5
13,68,5,girl,20,5.5,6
14,68,3,girl,20,5.7,7
15,68,4,boy,20,4.7,5
16,68,4,boy,20,5.2,6
17,68,4,boy,20,4,3
1,69,5,boy,24,5,6
2,69,5,girl,24,5.4,6
4,69,4,boy,24,5.3,4
5,69,3,girl,24,6.6,6
6,69,6,boy,24,5.9,6
7,69,5,boy,24,4.1,5
8,69,3,boy,24,5.6,5
9,69,5,girl,24,5.9,7
10,69,4,boy,24,4.7,5
11,69,5,girl,24,6.2,5
12,69,3,boy,24,4.7,4
13,69,3,boy,24,4.9,4
14,69,4,boy,24,5.3,4
15,69,5,girl,24,6.6,6
16,69,5,boy,24,5.1,6
17,69,5,girl,24,7.5,7
18,69,5,girl,24,7.1,7
19,69,6,girl,24,7.1,7
1,70,4,girl,22,4.9,4
2,70,4,girl,22,4.1,5
3,70,6,girl,22,5,6
4,70,4,girl,22,4.2,4
5,70,5,girl,22,6.5,7
6,70,4,girl,22,7.4,6
7,70,5,boy,22,5,5
8,70,6,boy,22,6.1,6
9,70,3,boy,22,4.4,4
10,70,4,girl,22,5.6,7
11,70,6,boy,22,4.9,4
12,70,7,boy,22,5.3,6
13,70,5,boy,22,3.1,5
14,70,5,boy,22,4.3,5
15,70,5,girl,22,5.8,6
16,70,4,boy,22,3.1,4
17,70,4,girl,22,5.5,7
18,70,5,girl,22,5.8,4
19,70,7,boy,22,4.9,5
20,70,1,boy,22,2.9,3
21,70,3,boy,22,4.1,5
1,71,3,boy,18,3,4
2,71,5,boy,18,5.1,4
3,71,3,boy,18,3.6,4
4,71,4,girl,18,4,5
5,71,7,boy,18,4.9,5
6,71,4,boy,18,3.9,5
7,71,7,girl,18,4.4,5
8,71,6,girl,18,6.9,6
9,71,4,boy,18,2.8,3
10,71,5,girl,18,5.5,5
11,71,4,boy,18,3.7,5
12,71,6,girl,18,5.6,6
13,71,5,girl,18,5.2,7
14,71,4,boy,18,2.6,4
15,71,5,girl,18,5.3,5
16,71,4,girl,18,4,5
17,71,3,boy,18,3.9,4
18,71,3,boy,18,1.7,3
19,71,3,girl,18,5.8,5
20,71,4,girl,18,4.8,5
21,71,5,girl,18,6,5
22,71,3,girl,18,4.9,5
1,72,5,boy,19,5.3,5
2,72,4,boy,19,6.3,6
3,72,6,boy,19,5.9,5
4,72,5,boy,19,5.5,6
5,72,5,boy,19,5.6,6
6,72,5,boy,19,4.4,4
7,72,6,girl,19,7.3,8
8,72,7,girl,19,8.4,8
9,72,5,boy,19,4.9,5
10,72,5,boy,19,4.8,5
11,72,6,boy,19,5.7,6
12,72,4,boy,19,6,5
13,72,4,girl,19,6.1,6
14,72,4,boy,19,6.1,5
15,72,6,boy,19,6.7,6
16,72,4,boy,19,4.5,3
17,72,5,boy,19,6.5,6
18,72,5,boy,19,5.9,5
19,72,4,girl,19,6.9,6
20,72,6,boy,19,4,4
21,72,5,boy,19,5.8,5
1,73,3,girl,14,4.7,5
2,73,6,girl,14,6.2,7
3,73,5,girl,14,6.7,7
4,73,5,girl,14,5.4,5
5,73,6,boy,14,5,6
6,73,5,boy,14,4.2,4
7,73,6,boy,14,5.3,5
8,73,5,girl,14,4.4,4
9,73,5,girl,14,6.2,6
10,73,4,boy,14,3.8,6
11,73,6,girl,14,6.3,7
12,73,4,girl,14,4.5,6
13,73,5,boy,14,5.6,6
14,73,4,boy,14,3.3,3
15,73,6,boy,14,5.2,6
16,73,3,boy,14,4.1,4
17,73,5,boy,14,5.1,5
18,73,5,girl,14,6.3,6
19,73,6,girl,14,6.8,5
20,73,4,boy,14,4,5
1,74,6,girl,17,6.9,5
2,74,5,boy,17,4.8,5
3,74,5,girl,17,5.7,5
4,74,5,boy,17,4.7,5
5,74,6,boy,17,5.1,5
6,74,5,girl,17,5.3,6
7,74,5,boy,17,3.3,5
8,74,7,boy,17,6.6,7
9,74,5,boy,17,4.7,5
10,74,6,boy,17,4.2,4
11,74,5,boy,17,5.9,5
12,74,6,girl,17,4.6,6
13,74,5,girl,17,6.4,6
14,74,5,boy,17,3.8,4
15,74,3,girl,17,4.3,5
16,74,5,girl,17,5.6,6
17,74,4,boy,17,4.4,5
1,75,4,girl,21,5.4,6
2,75,6,girl,21,8.1,8
3,75,4,girl,21,6,6
4,75,5,girl,21,7.5,8
5,75,6,girl,21,5.8,6
6,75,4,girl,21,7.5,6
7,75,3,girl,21,7.5,6
8,75,6,girl,21,6.4,7
9,75,4,girl,21,5.7,6
10,75,5,girl,21,6.5,6
11,75,3,girl,21,6.8,7
12,75,5,girl,21,5.8,6
13,75,6,girl,21,7.1,7
14,75,6,girl,21,6.4,6
15,75,5,girl,21,7.9,7
16,75,5,girl,21,8.1,8
17,75,5,girl,21,6.6,6
1,76,6,boy,16,4,4
2,76,5,girl,16,4.5,5
3,76,5,boy,16,3.5,4
4,76,5,girl,16,5.2,5
5,76,6,girl,16,5.5,6
6,76,5,boy,16,5,4
7,76,6,boy,16,5.1,5
8,76,3,girl,16,3.8,4
9,76,5,girl,16,6,6
10,76,5,boy,16,4,4
11,76,5,boy,16,3.2,4
12,76,5,girl,16,6.1,4
13,76,5,boy,16,4.5,4
14,76,4,boy,16,3.6,4
15,76,5,boy,16,5.2,4
16,76,5,girl,16,4.8,5
17,76,4,girl,16,3.9,5
18,76,4,boy,16,4.4,5
1,77,8,boy,3,6,5
2,77,7,girl,3,5.3,7
3,77,6,girl,3,5.5,5
4,77,7,girl,3,6.1,6
5,77,7,girl,3,6.2,6
6,77,5,boy,3,2.9,3
7,77,6,girl,3,5.6,4
8,77,5,boy,3,4.3,4
9,77,7,girl,3,6.5,6
10,77,6,boy,3,4,4
11,77,5,boy,3,3,3
12,77,6,boy,3,4.5,5
13,77,7,boy,3,3.9,5
14,77,7,boy,3,3.8,4
15,77,5,boy,3,2.5,3
16,77,6,boy,3,3.2,3
17,77,6,girl,3,4.3,5
18,77,7,girl,3,6.7,6
19,77,7,boy,3,4.5,4
1,78,5,boy,23,3.7,4
2,78,6,girl,23,5.4,5
3,78,4,girl,23,5.6,5
4,78,7,boy,23,5.6,5
5,78,5,boy,23,3.8,4
6,78,5,girl,23,6.4,5
7,78,6,boy,23,4.4,6
8,78,6,girl,23,7.1,7
9,78,5,boy,23,4.1,4
10,78,3,boy,23,3.9,5
11,78,4,boy,23,3.9,4
12,78,6,boy,23,5.3,5
13,78,3,girl,23,5.2,6
14,78,7,girl,23,5.4,7
15,78,6,boy,23,5.3,5
16,78,4,boy,23,3.7,3
17,78,3,girl,23,4.9,5
18,78,7,girl,23,6,6
1,79,6,girl,15,6.7,7
2,79,6,boy,15,5,6
3,79,6,boy,15,4,5
4,79,4,boy,15,4.7,5
5,79,7,girl,15,7.4,7
6,79,4,boy,15,4,4
7,79,5,boy,15,3.5,5
8,79,5,boy,15,4.9,6
9,79,3,boy,15,3.2,3
10,79,5,girl,15,6.3,6
11,79,6,girl,15,6.6,6
12,79,6,girl,15,5.5,6
13,79,5,girl,15,5.9,5
14,79,5,boy,15,4.8,5
15,79,6,girl,15,7.4,7
16,79,4,boy,15,4.2,4
17,79,5,boy,15,5.5,6
18,79,6,boy,15,5.9,5
19,79,5,boy,15,4,3
20,79,6,boy,15,4.3,5
1,80,4,boy,23,4.2,4
2,80,4,girl,23,5.2,6
3,80,4,boy,23,2.7,3
4,80,5,girl,23,5.8,6
5,80,5,boy,23,4.7,4
6,80,6,boy,23,2,2
7,80,4,boy,23,4.5,3
8,80,4,girl,23,5.4,5
9,80,6,girl,23,5.4,5
10,80,5,boy,23,3.5,3
11,80,6,boy,23,5.3,5
12,80,5,boy,23,2.8,3
13,80,5,girl,23,5.3,5
14,80,5,girl,23,4.6,6
15,80,6,boy,23,3.8,5
16,80,5,boy,23,3.6,2
17,80,2,boy,23,3.7,3
18,80,4,girl,23,4.6,5
19,80,6,girl,23,3.7,3
20,80,4,girl,23,5.6,5
1,81,4,boy,8,2.4,2
2,81,6,boy,8,4.6,4
3,81,6,boy,8,3.9,3
4,81,6,girl,8,4.8,5
5,81,6,girl,8,6,6
6,81,5,girl,8,3.7,5
7,81,5,boy,8,4.1,4
8,81,5,girl,8,4.5,4
9,81,6,girl,8,4.8,5
10,81,4,boy,8,3.3,4
11,81,7,boy,8,3.9,4
12,81,5,girl,8,5.2,4
13,81,6,boy,8,4.9,3
14,81,7,girl,8,6,5
15,81,5,boy,8,2.7,3
16,81,4,boy,8,2.7,3
17,81,6,boy,8,4.4,4
18,81,5,girl,8,4.6,3
19,81,6,girl,8,5.3,4
20,81,5,boy,8,4.1,4
21,81,7,boy,8,4.5,3
1,82,4,boy,8,1.4,1
2,82,5,boy,8,2.8,2
3,82,6,boy,8,2.5,3
4,82,9,boy,8,4.2,4
5,82,5,boy,8,3.1,2
6,82,5,boy,8,1.1,1
7,82,7,boy,8,4.2,3
8,82,6,boy,8,2.4,2
9,82,5,boy,8,0,1
10,82,5,boy,8,2.5,3
11,82,5,boy,8,1.7,2
12,82,5,boy,8,1.9,2
13,82,4,boy,8,0.9,1
14,82,6,boy,8,1.8,2
15,82,6,boy,8,3.6,5
16,82,5,boy,8,3.7,4
17,82,6,boy,8,4,5
18,82,6,boy,8,4.3,4
19,82,6,boy,8,1.3,1
20,82,5,boy,8,3.2,3
21,82,7,boy,8,3.9,5
1,83,4,boy,24,5.7,6
2,83,6,boy,24,6.3,5
3,83,5,girl,24,6.1,6
4,83,6,girl,24,5.7,5
5,83,7,girl,24,7,6
6,83,5,boy,24,5.4,6
7,83,7,girl,24,7.6,6
8,83,3,girl,24,6.4,7
9,83,5,girl,24,5.9,6
10,83,5,boy,24,4.5,5
11,83,4,girl,24,6,6
12,83,6,girl,24,7.1,7
13,83,5,girl,24,6.2,7
14,83,4,girl,24,6.7,6
15,83,4,boy,24,5,4
16,83,6,girl,24,7.6,8
17,83,7,boy,24,5.3,6
18,83,5,boy,24,5.9,6
1,84,5,girl,22,5.6,6
2,84,4,boy,22,4.9,6
3,84,5,girl,22,7.1,8
4,84,5,girl,22,8.1,7
5,84,6,boy,22,6.2,5
6,84,6,boy,22,6.6,7
7,84,3,girl,22,6.4,7
8,84,5,boy,22,5,5
9,84,5,boy,22,5.6,5
10,84,5,girl,22,7.5,9
11,84,6,girl,22,6.5,7
12,84,5,boy,22,5.6,5
13,84,4,boy,22,5.3,5
14,84,5,boy,22,7.3,6
15,84,5,girl,22,6.6,7
16,84,5,girl,22,6.2,6
17,84,4,boy,22,5.8,6
18,84,5,girl,22,7.6,7
19,84,4,girl,22,7.1,7
20,84,4,girl,22,6.6,6
21,84,3,boy,22,4.3,4
1,85,7,girl,16,6.8,7
2,85,3,girl,16,6,7
3,85,6,girl,16,5.1,6
4,85,5,girl,16,7.8,8
5,85,6,girl,16,7.8,8
6,85,6,girl,16,5.5,6
7,85,4,girl,16,6.8,7
8,85,5,girl,16,5.2,6
9,85,4,girl,16,6.4,7
10,85,5,girl,16,7.7,7
11,85,7,girl,16,6.6,7
12,85,5,girl,16,4.7,5
13,85,5,girl,16,6.5,8
14,85,6,girl,16,7.1,8
15,85,4,girl,16,6.3,6
16,85,5,girl,16,7,7
17,85,5,girl,16,5.4,6
18,85,5,girl,16,6.1,5
19,85,4,girl,16,6.5,6
20,85,4,girl,16,6,5
21,85,7,girl,16,7.4,8
22,85,4,girl,16,6.7,7
1,86,4,boy,4,2.4,2
2,86,6,girl,4,5.6,5
3,86,7,boy,4,4.7,4
4,86,7,boy,4,4.3,4
5,86,6,girl,4,4.1,4
6,86,6,girl,4,4.6,5
7,86,7,girl,4,4.6,5
8,86,7,boy,4,3.2,3
9,86,7,boy,4,2.2,2
10,86,6,boy,4,3,4
11,86,6,boy,4,4.3,3
12,86,5,boy,4,2.9,2
13,86,7,girl,4,5.6,5
14,86,5,boy,4,2.9,2
15,86,6,girl,4,4.3,5
16,86,7,girl,4,5.2,5
17,86,8,girl,4,6.2,6
18,86,4,girl,4,3.5,3
19,86,6,boy,4,3.7,3
20,86,4,boy,4,2.9,4
21,86,4,boy,4,2,2
22,86,7,girl,4,5,5
1,87,7,boy,2,2.9,3
2,87,7,girl,2,6.1,6
3,87,8,girl,2,7,6
4,87,10,girl,2,7.3,9
5,87,8,girl,2,6.2,7
6,87,8,boy,2,6.1,6
7,87,6,girl,2,5.4,5
8,87,9,girl,2,6.9,7
9,87,8,boy,2,4.1,4
10,87,8,girl,2,6.1,6
11,87,5,boy,2,2,3
12,87,6,boy,2,3.5,3
13,87,9,girl,2,7.1,7
14,87,8,girl,2,6.4,6
15,87,8,girl,2,5.9,6
16,87,7,boy,2,5.5,4
17,87,10,boy,2,5.6,6
18,87,9,girl,2,7.7,6
19,87,8,boy,2,4.6,5
20,87,9,boy,2,4.4,5
21,87,8,girl,2,6.4,7
1,88,6,girl,13,5.5,5
2,88,4,boy,13,3.8,4
3,88,6,girl,13,6,6
4,88,5,girl,13,5.9,5
5,88,5,girl,13,5.7,5
6,88,4,girl,13,3.3,5
7,88,5,girl,13,5.1,6
8,88,4,boy,13,2.7,2
9,88,6,boy,13,4.7,5
10,88,5,boy,13,4.4,4
11,88,6,girl,13,6.4,4
12,88,4,girl,13,4.3,4
13,88,4,boy,13,3.3,3
14,88,7,boy,13,3.1,4
15,88,4,boy,13,2.5,3
16,88,3,girl,13,5.3,5
17,88,5,girl,13,6.2,5
18,88,5,boy,13,4.6,5
19,88,5,boy,13,5,5
20,88,7,girl,13,6.1,5
21,88,4,boy,13,4,2
22,88,4,boy,13,3.6,4
23,88,4,boy,13,3.3,5
1,89,4,girl,13,4.5,5
2,89,7,girl,13,5.8,6
3,89,5,girl,13,5.7,5
4,89,5,boy,13,5,4
5,89,6,girl,13,5.5,6
6,89,5,girl,13,6.9,7
7,89,5,girl,13,5.7,6
8,89,5,girl,13,6.2,6
9,89,4,boy,13,4,3
10,89,5,boy,13,3.4,4
11,89,7,girl,13,6.8,6
12,89,6,girl,13,6,5
13,89,6,boy,13,5.4,5
14,89,4,boy,13,2,4
15,89,5,boy,13,3.2,4
16,89,5,boy,13,4.9,4
17,89,5,girl,13,5.2,6
18,89,6,boy,13,4.1,5
1,90,7,girl,3,6.5,7
2,90,6,boy,3,4.2,4
3,90,7,boy,3,5.4,5
4,90,7,boy,3,4.9,5
5,90,5,girl,3,4.1,4
6,90,7,boy,3,5.1,5
7,90,9,girl,3,7.1,6
8,90,6,boy,3,3.8,4
9,90,7,girl,3,5,6
10,90,7,girl,3,6.3,6
11,90,7,boy,3,4.9,4
12,90,8,girl,3,5.9,7
13,90,8,girl,3,6.2,6
14,90,8,girl,3,5.2,6
15,90,7,girl,3,6.2,6
16,90,9,girl,3,7.7,8
17,90,8,girl,3,6.5,7
18,90,7,girl,3,4.9,5
19,90,8,boy,3,5.1,5
20,90,6,girl,3,5,5
21,90,7,girl,3,5.7,6
22,90,6,boy,3,5.3,5
23,90,8,boy,3,5.6,5
1,91,7,boy,16,4.6,6
2,91,4,girl,16,5,5
3,91,3,girl,16,5.7,4
4,91,5,boy,16,4,4
5,91,5,girl,16,4.9,5
6,91,4,boy,16,4,3
7,91,7,girl,16,7.7,6
8,91,4,boy,16,3.8,5
9,91,5,boy,16,6.1,5
10,91,5,boy,16,4,4
11,91,6,girl,16,5.9,6
12,91,5,girl,16,5.1,5
13,91,4,boy,16,3.5,3
14,91,7,girl,16,7.1,7
15,91,4,girl,16,5.2,4
16,91,5,boy,16,4.8,4
17,91,7,boy,16,4.2,5
18,91,7,girl,16,5.4,6
1,92,4,boy,16,4.4,4
2,92,4,boy,16,4.2,4
3,92,4,boy,16,3,3
4,92,4,boy,16,4,4
5,92,4,girl,16,3.8,5
6,92,6,girl,16,4.8,6
7,92,4,boy,16,4,4
8,92,5,boy,16,5,4
9,92,4,boy,16,2.1,3
10,92,3,boy,16,3.4,3
11,92,5,girl,16,5.2,5
12,92,6,boy,16,4.8,4
13,92,3,boy,16,3.8,5
14,92,4,girl,16,5.9,6
15,92,4,boy,16,3.5,3
16,92,5,boy,16,4,4
17,92,4,boy,16,2.8,3
1,93,5,girl,10,5.2,5
2,93,7,girl,10,5.7,5
3,93,4,girl,10,5.1,4
4,93,5,boy,10,4.5,4
5,93,6,boy,10,4.4,4
6,93,5,girl,10,5.9,6
7,93,7,boy,10,6.6,6
8,93,5,boy,10,3,4
9,93,5,boy,10,4,3
10,93,5,girl,10,4.3,4
11,93,6,boy,10,4.2,6
12,93,6,boy,10,5.2,4
13,93,5,boy,10,3.3,4
14,93,7,girl,10,5.6,6
15,93,6,girl,10,6.1,7
16,93,3,boy,10,2.8,4
17,93,5,girl,10,4.4,5
18,93,5,boy,10,3.4,4
19,93,4,boy,10,3.6,4
20,93,5,boy,10,4.4,4
1,94,5,boy,21,4,4
2,94,5,boy,21,5.6,5
3,94,4,girl,21,6,6
4,94,5,girl,21,6.6,6
5,94,6,boy,21,6.3,6
6,94,6,girl,21,5.7,6
7,94,6,girl,21,6.1,6
8,94,6,girl,21,5.3,6
9,94,5,girl,21,5.7,6
10,94,5,boy,21,4.9,5
11,94,2,boy,21,4.1,4
12,94,5,boy,21,4,4
13,94,7,girl,21,6,7
14,94,3,boy,21,3.9,4
15,94,4,boy,21,4.7,4
16,94,4,girl,21,7.2,8
1,95,5,boy,15,4.4,4
2,95,5,girl,15,4.9,5
3,95,3,boy,15,4.1,4
4,95,7,boy,15,5,5
5,95,5,boy,15,4.1,5
6,95,3,girl,15,4.9,5
7,95,5,boy,15,3.1,4
8,95,4,boy,15,4.1,5
9,95,5,girl,15,5.1,5
10,95,5,boy,15,5.3,4
11,95,6,boy,15,4.5,6
12,95,6,girl,15,5.7,7
13,95,6,girl,15,7.5,7
14,95,4,girl,15,5.3,5
15,95,5,girl,15,6.3,5
16,95,5,girl,15,5.8,6
17,95,5,girl,15,5.9,6
18,95,6,boy,15,4.9,4
19,95,7,boy,15,3.9,4
20,95,5,girl,15,5.4,5
21,95,4,boy,15,4.3,4
1,96,6,girl,13,6.1,6
2,96,5,girl,13,6.7,6
3,96,6,boy,13,3.9,5
4,96,6,boy,13,5,5
5,96,5,boy,13,6.4,6
6,96,6,girl,13,7,5
7,96,6,boy,13,4.5,4
8,96,6,boy,13,4.6,5
9,96,4,boy,13,4.4,4
10,96,4,girl,13,4.9,6
11,96,5,girl,13,7.4,7
12,96,4,girl,13,4.9,6
13,96,8,boy,13,7.1,7
14,96,5,boy,13,5.4,4
15,96,5,girl,13,5,5
16,96,6,girl,13,6,7
17,96,4,girl,13,5,6
18,96,3,boy,13,3.2,4
19,96,5,boy,13,4.7,5
20,96,4,boy,13,4,4
21,96,5,girl,13,7.2,7
1,97,5,boy,9,4.2,5
2,97,7,boy,9,4.3,4
3,97,5,boy,9,2.5,3
4,97,3,boy,9,2.1,3
5,97,4,boy,9,2.8,3
6,97,5,boy,9,3.4,4
7,97,5,boy,9,3.4,4
8,97,4,boy,9,2.9,3
9,97,5,boy,9,4.1,4
10,97,5,boy,9,3.6,3
11,97,4,boy,9,2.2,2
12,97,4,boy,9,2.6,3
13,97,4,boy,9,3,2
14,97,4,boy,9,3.6,3
15,97,3,boy,9,1.6,2
16,97,6,boy,9,4.9,5
17,97,4,boy,9,2.6,2
18,97,7,boy,9,6.2,7
19,97,6,boy,9,5.5,5
20,97,5,boy,9,4.3,5
21,97,5,boy,9,3.3,3
1,98,3,boy,25,5.8,5
2,98,4,girl,25,5.9,6
3,98,4,boy,25,4.9,5
4,98,6,girl,25,5.3,5
5,98,5,girl,25,6.7,6
6,98,7,girl,25,6.4,6
7,98,5,boy,25,6.1,6
8,98,5,girl,25,7.1,6
9,98,5,boy,25,4.6,5
10,98,3,boy,25,5.7,5
11,98,5,girl,25,7.2,6
12,98,6,girl,25,8.2,8
13,98,6,boy,25,5.6,6
14,98,5,girl,25,7.3,7
15,98,6,girl,25,6.5,6
16,98,5,boy,25,5.5,5
17,98,4,girl,25,6.7,6
18,98,4,girl,25,6.1,6
19,98,7,girl,25,6.8,6
20,98,5,girl,25,7.2,7
21,98,6,girl,25,6.5,5
1,99,5,boy,21,3.4,5
2,99,5,boy,21,5.1,5
3,99,3,boy,21,3.5,4
4,99,5,boy,21,3.8,4
5,99,5,girl,21,4.5,6
6,99,4,girl,21,4.2,5
7,99,6,boy,21,5.3,3
8,99,6,girl,21,6.2,6
9,99,5,girl,21,5.2,6
10,99,5,girl,21,8,7
11,99,4,boy,21,4.4,4
12,99,6,girl,21,7.4,7
13,99,4,boy,21,4.1,4
14,99,5,boy,21,5,5
15,99,4,girl,21,5.8,5
16,99,5,boy,21,4.4,4
17,99,3,boy,21,2.9,4
18,99,4,boy,21,3.5,4
19,99,5,girl,21,5.4,6
20,99,5,girl,21,5.9,5
21,99,5,boy,21,4.6,5
22,99,5,boy,21,4.8,4
23,99,5,boy,21,4.2,4
1,100,5,boy,7,3.9,4
2,100,6,boy,7,3.7,5
3,100,7,girl,7,6.1,7
4,100,3,boy,7,1.7,2
5,100,7,girl,7,5.9,5
6,100,7,girl,7,6.1,7
7,100,7,boy,7,4.3,5
8,100,5,boy,7,3.9,4
9,100,5,boy,7,1.1,1
10,100,5,boy,7,1.4,2
11,100,5,boy,7,1.9,3
12,100,6,girl,7,4.9,6
13,100,7,girl,7,6.5,6
14,100,5,girl,7,3.7,3
15,100,5,girl,7,5.2,4
16,100,4,girl,7,4.3,5
17,100,4,boy,7,2.6,2
18,100,8,girl,7,6.7,7
19,100,5,boy,7,2.9,3
20,100,9,boy,7,5.3,5
